,연번,호선,역명,장비,호기,승강기번호,운행구간,설치위치,비고
0,1,1,서울(1),E/L,내부#1,0074-205,B2(승)~B1(대),섬식(상) 5-1,
1,2,1,서울(1),E/L,외부#1,0104-656,B1(대)~지상,2번 출구측,
2,3,1,서울(1),E/L,외부#2,0105-867,B1(대)~지상,4번 출구측,
3,4,1,서울(1),E/L,외부#3,0073-979,B1(대)~지상,3번 출구측,
4,5,1,시청(1),E/L,내부#1,0002-888,B2(승)~B1(대),상행 3-2,
5,6,1,시청(1),E/L,내부#2,0002-887,B2(승)~B1(대),하행 8-3,
6,7,1,시청(1),E/L,외부#1,0002-889,B1(대)~지상,1-2번 출구사이,
7,8,1,종각,E/L,내부#1,0000-506,B2(승)~B1(대),상행 6-4,
8,9,1,종각,E/L,내부#2,0000-507,B2(승)~B1(대),하행 4-4,
9,10,1,종각,E/L,외부#1,0000-508,B1(대)~지상,3번 출구측,
10,11,1,종각,E/L,외부#2,0113-945,B1(대)~지상,1번 출구측,
11,12,1,종로3가(1),E/L,내부#1,0000-512,B2(승)~B1(대),상행 4-4,
12,13,1,종로3가(1),E/L,내부#2,0000-513,B2(승)~B1(대),하행 6-4,
13,14,1,종로3가(1),E/L,외부#1,0073-426,B1(대)~지상,12-13번 출구측,
14,15,1,종로5가,E/L,내부#1,0000-533,B2(승)~B1(대),상행 8-3,
15,16,1,종로5가,E/L,내부#2,0000-534,B2(승)~B1(대),하행 3-2,
16,17,1,종로5가,E/L,외부#1,0000-535,B1(대)~지상,8-9번 출구측,
17,18,1,동대문(1),E/L,내부#1,0000-906,B2(승)~B1(대),상행 10-4,
18,19,1,동대문(1),E/L,내부#2,0000-907,B2(승)~B1(대),하행 2-1,
19,20,1,동대문(1),E/L,외부#1,0000-905,B1(대)~지상,6번 출구측,
20,21,1,동묘앞,E/L,내부#1,0000-946,B1(승)~4F(건),본관건물(상)6-2,
21,22,1,동묘앞,E/L,내부#2,0000-943,B2(연)~BM2~B1(승),상행 10-3,
22,23,1,동묘앞,E/L,내부#3,0000-947,B2(환)~B1(승),상행 4-8,
23,24,1,동묘앞,E/L,내부#4,0000-948,B2(연)~B1(승),하행 7-3,
24,25,1,동묘앞,E/L,내부#5,0000-944,B2(환)~B1(승),하행 1-2,
25,26,1,동묘앞,E/L,외부#1,0000-945,B1(승)~BM1~지상,1-10번 출구 사이,
26,27,1,동묘앞,E/L,외부#2,0000-960,B1(승)~지상,3번 출구측,
27,28,1,신설동(1),E/L,내부#1,0083-762,B2(승)~B1(대),상행 3-4,
28,29,1,신설동(1),E/L,내부#2,0083-764,B2(승)~B1(대),하행 8-1,
29,30,1,신설동(1),E/L,외부#1,0003-532,B1(대)~지상,1번 출구측,
30,31,1,신설동(1),E/L,외부#2,0083-761,B1(대)~지상,"2,3번 출구사이",
31,32,1,신설동(1),E/L,외부#3,0083-763,B1(대)~지상,"4,5번 출구사이",
32,33,1,제기동,E/L,내부#1,0043-600,B2(승)~B1(대),상행 9-4,
33,34,1,제기동,E/L,내부#2,0027-701,B2(승)~B1(대),하행 2-1,
34,35,1,제기동,E/L,외부#1,0093-165,B1(대)~지상,1번 출구측,
35,36,1,청량리(1),E/L,외부#1,0027-702,B2(대)~지상,6번 출구측,
36,37,2,시청(2),E/L,내부#1,0042-520,B3(승)~B2대)~B1(대),섬식(외) 6-2,
37,38,2,시청(2),E/L,외부#1,0002-886,B1(대)~지상,9번 출구측,
38,39,2,을지로입구,E/L,내부#1,0003-059,B2(승)~B1(대),외선 5-3,
39,40,2,을지로입구,E/L,내부#2,0003-058,B2(승)~B1(대),내선 6-2,
40,41,2,을지로입구,E/L,외부#1,0124-101,B1(대)~지상,1번출구측,
41,42,2,을지로입구,E/L,외부#2,0104-712,B1(대)~지상,5번 출구측,
42,43,2,을지로3가(2),E/L,내부#1,0042-132,B2(승)~B1(대),외선 8-3,
43,44,2,을지로3가(2),E/L,내부#2,0042-133,B2(승)~B1(대),내선 3-2,
44,45,2,을지로4가,E/L,내부#1,0042-130,B2(승)~B1(대),외선 3-2,
45,46,2,을지로4가,E/L,내부#2,0042-131,B2(승)~B1(대),내선 8-3,
46,47,2,을지로4가,E/L,외부#1,0102-390,B1(대)~지상,8번출구,
47,48,2,동대문역사문화공원(2),E/L,내부#1,0003-055,B2(승)~B1(대),외선 8-3,
48,49,2,동대문역사문화공원(2),E/L,내부#2,0003-056,B2(승)~B1(대),내선 3-2,
49,50,2,동대문역사문화공원(2),E/L,외부#1,0039-324,B1(대)~지상,1번 출구측,
50,51,2,신당,E/L,외부#1,0004-367,B1(대)~지상,2번 출구측,
51,52,2,신당,E/L,내부#1,0103-796,B2(승)~B1(대),외선 3-4,
52,53,2,신당,E/L,내부#2,0103-797,B2(승)~B1(대),내선 7-4,
53,54,2,상왕십리,E/L,내부#1,0042-156,B2(승)~B1(대),외선 8-1,
54,55,2,상왕십리,E/L,내부#2,0042-157,B2(승)~B1(대),내선 3-4,
55,56,2,상왕십리,E/L,외부#1,0117-183,B1(대)~지상,2-3출구 사이,
56,57,2,왕십리,E/L,내부#1,0003-466,B3(승)~B2(대),외선 3-2,
57,58,2,왕십리,E/L,내부#2,0068-689,B3(승)~B2(대),내선 3-4,
58,59,2,한양대,E/L,내부#1,0042-129,F1(승)~F2(대),섬식(외) 3-3,
59,60,2,한양대,E/L,외부#1,0042-128,지상~F2(대),4번 출구(육교),
60,61,2,뚝섬,E/L,내부#1,0003-051,F2(대)~F3(승),외선 7-1,
61,62,2,뚝섬,E/L,내부#2,0003-050,F2(대)~F3(승),내선 7-1,
62,63,2,뚝섬,E/L,외부#1,0003-049,지상~F2(대),3번 출구측,
63,64,2,뚝섬,E/L,외부#2,0131-787,지상~F2(대),6번출구,
64,65,2,성수,E/L,내부#1,0074-865,F2(대)~F3(승),외선 7-1,
65,66,2,성수,E/L,내부#2,0074-866,F2(대)~F3(승),내선 4-4,
66,67,2,성수,E/L,외부#1,0039-325,지상~F1(대),1번 출구측,
67,68,2,성수,E/L,외부#2,0039-327,지상~F1(대),4번 출구측,
68,69,2,신답,E/L,내부#1,0039-326,F1(승)~F2(대),외선 2-4,
69,70,2,신답,E/L,내부#2,0104-461,F1(승)~F2(대),내선 3-2,
70,71,2(기타),신답별관,E/L,1호기,0014-917,1F~10F,신답별관,
71,72,2(기타),신답별관,E/L,2호기,0014-918,1F~10F,신답별관,
72,73,2(기타),신답별관,E/L,3호기,0014-919,1F~3F,주차장,
73,74,2(기타),신답별관,E/L,4호기,0014-920,1F~3F,주차장,
74,75,2,용두,E/L,내부#1,0054-021,B2(승)~B1(대),외선 1-1,
75,76,2,용두,E/L,내부#2,0054-022,B2(승)~B1(대),내선 4-3,
76,77,2,용두,E/L,외부#1,0054-023,B1(대)~지상,3번 출구측,
77,78,2,용두,E/L,외부#2,0054-024,B1(대)~지상,4번 출구측,
78,79,2(기타),인재개발원,E/L,1호기,0069-781,B1~7,교육동,
79,80,2(기타),인재개발원,E/L,2호기,0069-782,B1~7,교육동,
80,81,2(기타),인재개발원,E/L,3호기,0069-783,B1~7,교육동,
81,82,2(기타),인재개발원,E/L,4호기,0069-784,B1~5,복지동,
82,83,2(기타),인재개발원,E/L,5호기,0069-785,B1~5,복지동,
83,84,2(기타),인재개발원,E/L,1호기,1901-974,1~2,복지동(식당내),
84,85,2,신설동(2),E/L,내부#1,0027-703,B2(승)~B1(대),섬식(외) 4-3,
85,86,2,신설동(2),E/L,외부#1,0044-516,B1(대)~지상,9번 출구측,
86,87,2,건대입구,E/L,내부#1,0108-564,2(대)~3(승),섬식(외)5-4,
87,88,2,건대입구,E/L,외부#1,0095-448,지상~F2(대)~F3(승),7-3 ~6번 출구측,
88,89,2,구의,E/L,내부#1,0028-196,F2(대)~F3(승),섬식(외)4-3,
89,90,2,구의,E/L,외부#1,0028-197,지상~F2(대)~F3(승),7-2 ~ 2번 출구측,
90,91,2,강변,E/L,내부#1,0093-166,F1(대)~F2(승),외선 4-2,
91,92,2,강변,E/L,내부#2,0093-167,F1(대)~F2(승),내선 7-3,
92,93,2,잠실나루,E/L,내부#1,0012-789,F1(대)~F2(승),외선 3-4,
93,94,2,잠실나루,E/L,내부#2,0012-790,F1(대)~F2(승),내선 8-1,
94,95,2,잠실,E/L,내부#1,0007-841,B2(승)~B1(대),외선 5-2,
95,96,2,잠실,E/L,내부#2,0007-842,B2(승)~B1(대),내선 6-3,
96,97,2,잠실,E/L,외부#1,0065-637,B1(상가)~지상,6번 출구측,
97,98,2,잠실,E/L,외부#2,0089-517,B1(대)~지상,"1,2번출구측",
98,99,2,잠실새내,E/L,내부#1,0008-945,B2(승)~B1(대),외선 7-3,
99,100,2,잠실새내,E/L,내부#2,0008-946,B2(승)~B1(대),내선 4-1,
100,101,2,잠실새내,E/L,외부#1,0075-476,B1(대)~지상,7번 출구측,
101,102,2,잠실새내,E/L,외부#2,0008-670,B1(대)~지상,2번 출구측,
102,103,2,종합운동장,E/L,내부#1,0008-146,B2(승)~B1(대),외선 2-4,
103,104,2,종합운동장,E/L,내부#2,0008-147,B2(승)~B1(대),내선 8-4,
104,105,2,종합운동장,E/L,외부#1,0008-148,B1(대)~지상,6번 출구측,
105,106,2,삼성,E/L,내부#1,0007-844,B2(승)~B1(대),섬식(외) 3-1,
106,107,2,삼성,E/L,외부#1,0007-843,B1(대)~지상,1번 출구측,
107,108,2,삼성,E/L,외부#2,0014-060,B1(대)~지상,6번 출구측,
108,109,2,삼성,E/L,외부#3,0075-477,B1(대)~지상,8번 출구측,
109,110,2,삼성,E/L,외부#4,0105-289,B1(대)~지상,4번 출구측,
110,111,2,선릉,E/L,외부#1,0066-856,B1(대)~지상,1번 출구측,
111,112,2,선릉,E/L,외부#2,0105-099,B1(대)~지상,5번 출구측,
112,113,2,선릉,E/L,외부#3,0072-904,B1(대)~지상,10번 출구측,
113,114,2,역삼,E/L,내부#1,0075-561,B2(승)~B1(대),외선 7-3,
114,115,2,역삼,E/L,내부#2,0075-562,B2(승)~B1(대),내선 4-1,
115,116,2,역삼,E/L,외부#1,0065-638,B1(대)~지상,3번 출구측,
116,117,2,역삼,E/L,외부#2,0075-563,B1(대)~지상,4번 출구측,
117,118,2,강남,E/L,내부#1,0087-544,B2(승)~B1(대),외선 8-1,
118,119,2,강남,E/L,내부#2,0087-545,B2(승)~B1(대),내선 3-4,
119,120,2,강남,E/L,외부#1,0087-546,B1(상가)~지상,1번 출구측,
120,121,2,강남,E/L,외부#2,0087-547,B1(상가)~지상,10번 출구측,
121,122,2,교대(2),E/L,내부#1,0008-151,B2(승)~B1(대),외선 8-4,
122,123,2,교대(2),E/L,내부#2,0008-152,B2(승)~B1(대),내선 3-1,
123,124,2,교대(2),E/L,외부#1,0046-583,B1(대)~지상,5번 출구측,
124,125,2,서초,E/L,내부#1,0008-943,B2(승)~B1(대),외선 2-4,
125,126,2,서초,E/L,내부#2,0008-944,B2(승)~B1(대),내선 9-1,
126,127,2,서초,E/L,외부#1,0075-478,B1(대)~지상,1번 출구측,
127,128,2,서초,E/L,외부#2,0072-667,B1(대)~지상, 4번출구 ,
128,129,2,방배,E/L,내부#1,0008-947,B2(승)~B1(대),외선 8-3,
129,130,2,방배,E/L,내부#2,0008-948,B2(승)~B1(대),내선 3-1,
130,131,2,방배,E/L,외부#1,0046-582,B1(대)~지상,3번 출구측,
131,132,2,사당(2),E/L,내부#1,0091-437,B2(승)~B1(대),섬식(외)4-4,
132,133,2,사당(2),E/L,외부#1,0091-438,B1(대)~지상,14번 출구측,
133,134,2,사당(2),E/L,외부#2,0098-381,B1(대)~지상,6번 출구측,
134,135,2,낙성대,E/L,내부#1,0020-064,B2(승)~B1(대),외선 8-2,
135,136,2,낙성대,E/L,내부#2,0020-065,B2(승)~B1(대),내선 3-3,
136,137,2,낙성대,E/L,외부#1,0020-066,B1(대)~지상,6번 출구측,
137,138,2,서울대입구,E/L,내부#1,0020-839,B2(승)~B1(대),섬식(외)6-3,
138,139,2,서울대입구,E/L,외부#1,0110-204,B1(대)~지상,6번 출구측,
139,140,2,서울대입구,E/L,외부#2,0114-806,B1(대)~지상,2번 출구측,
140,141,2,봉천,E/L,내부#1,0060-936,B2(승)~B1(대),섬식(외)6-3,
141,142,2,봉천,E/L,외부#1,0060-937,B1(대)~지상,4번 출구측,
142,143,2,신림,E/L,내부#1,0019-759,B2(승)~B1(대),섬식(외) 4-4,
143,144,2,신림,E/L,외부#1,0019-760,B1(대)~지상,1번 출구측,
144,145,2,신림,E/L,외부#2,0092-886,B1(대)~지상,5번 출구측,
145,146,2,신대방,E/L,내부#1,0020-955,F2(대)~F3(승),외선 3-4,
146,147,2,신대방,E/L,내부#2,0020-956,F2(대)~F3(승),내선 8-1,
147,148,2,신대방,E/L,외부#1,0020-957,지상~F2(대),1번 출구측,
148,149,2,구로디지털단지,E/L,내부#1,0019-757,지상~F2(대),외선 3-4,
149,150,2,구로디지털단지,E/L,내부#2,0019-758,F2(대)~F3(승),내선 7-4,
150,151,2,구로디지털단지,E/L,외부#1,0019-756,F2(대)~F3(승),6번출구,
151,152,2,대림,E/L,외부#1,0107-009,지상~F2(대),7번 출구측(육교),
152,153,2,대림,E/L,외부#2,0060-929,지상~F2(대),4번 출구측(육교),
153,154,2,대림,E/L,내부1,0060-928,F2(대)~F3(승),외선 3-2,
154,155,2,대림,E/L,내부2,0060-927,F2(대)~F3(승),내선 8-3,
155,156,2(기타),대림별관,E/L,1,0092-247,1F~7F,대림별관 입구측,
156,157,2(기타),대림별관,E/L,2,0092-248,B2~7F,대림별관 출구측,
157,158,2(기타),대림별관,E/L,3,0092-249,1F~7F,대림별관 출구측,
158,159,2,신도림,E/L,내부#1,0085-969,B2(승)~B1(대),섬식 3-2,
159,160,2,신도림,E/L,내부#2,0098-197,B2(승)~B1(대),섬식 4-4,
160,161,2,신도림,E/L,외부#1,0109-522,B1(대)~F1~F2,1번 출입구,
161,162,2,신도림,E/L,외부#2,0098-196,B1(대)~지상,2번 출구측,
162,163,2,도림천,E/L,내부#1,0022-597,B3(승)~B2(대),섬식(지) 4-4,
163,164,2,도림천,E/L,외부#1,0022-596,B3(승)~B2(대)~B1(대),1~2번 출구사이,
164,165,2,양천구청,E/L,내부#1,0020-959,B2(승)~B1(대),외선 4-1,
165,166,2,양천구청,E/L,내부#2,0020-960,B2(승)~B1(대),내선 3-3,
166,167,2,양천구청,E/L,외부#1,0020-958,B1(대)~지상,1번 출구측,
167,168,2(기타),신정차량기지,E/L,1,0029-268,F1~5,관리동,
168,169,2(기타),신정차량기지,E/L,2,0029-269,F1~5,관리동,
169,170,2(기타),신정차량기지,E/L,3,0062-174,F1~5,토목동,
170,171,2(기타),신정차량기지,E/L,4,0062-078,F1~3,정비동,
171,172,2(기타),신정차량기지,E/L,5,0062-173,F1~3,정비동,
172,173,2(기타),신정차량기지,E/L,6,1902-759,F1~5,관리동,
173,174,2,신정네거리,E/L,내부#1,0060-930,B3(승)~B2(대),외선 4-1,
174,175,2,신정네거리,E/L,내부#2,0060-931,B3(승)~B2(대),내선 3-4,
175,176,2,신정네거리,E/L,외부#1,0060-932,B2(대)~지상,2번 ~3번출구측,
176,177,2,문래,E/L,내부#1,0021-258,B2(승)~B1(대),외선 7-4,
177,178,2,문래,E/L,내부#2,0021-259,B2(승)~B1(대),내선 4-1,
178,179,2,문래,E/L,외부#1,0107-085,B1(대)~지상,5번 출구,
179,180,2,문래,E/L,외부#2,0133-667,B1(대)~지상,1번출구,
180,181,2,영등포구청,E/L,내부#1,0021-255,B2(승)~B1(대),외선 8-4,
181,182,2,영등포구청,E/L,내부#2,0021-256,B2(승)~B1(대),내선 3-1,
182,183,2,영등포구청,E/L,외부#1,0021-254,B1(대)~지상,2번 출구측,
183,184,2,당산,E/L,내부#1,0020-068,F2(대)~F3(승),외선 8-3,
184,185,2,당산,E/L,내부#2,0020-069,F2(대)~F3(승),내선 3-2,
185,186,2,당산,E/L,외부#1,0020-067,지상~F2(대),4번 출구측,
186,187,2,합정,E/L,내부#1,0073-427,B2(승)~B1(대),외선 4-1,
187,188,2,합정,E/L,내부#2,0042-092,B2(승)~B1(대),내선 7-3,
188,189,2,합정,E/L,외부#1,0103-758,B1(대)~지상,1번 출구측,
189,190,2,합정,E/L,외부#2,0073-978,B1(대)~지상,4번 출구측,
190,191,2,홍대입구,E/L,내부#1,0102-349,B2(승)~B1(대),섬식(외)7-2,
191,192,2,홍대입구,E/L,외부#1,0102-350,B1(대)~지상,8번 출구측,
192,193,2,신촌,E/L,내부#1,0102-373,B2(승)~B1(대),외선 8-4,
193,194,2,신촌,E/L,내부#2,0102-374,B2(승)~B1(대),내선 4-4,
194,195,2,신촌,E/L,외부#1,0039-954,B1(대)~지상,4번 출구측,
195,196,2,신촌,E/L,외부#2,0127-889,B1(대)~지상,6번출구,
196,197,2,이대,E/L,내부#1,0102-372,B2(승)~B1(대),섬식(외) 2-2,
197,198,2,이대,E/L,외부#1,0042-093,B1(대)~지상,6번 출구측,
198,199,2,이대,E/L,7,0152-647,B1(대)-F1(지상),2번 출구,
199,200,2,아현,E/L,내부#1,0102-369,B2(승)~B1(대),외선 7-2,
200,201,2,아현,E/L,내부#2,0102-370,B2(승)~B1(대),내선 4-3,
201,202,2,아현,E/L,외부#1,0042-109,B1(대)~지상,3번 출구측,
202,203,2,아현,E/L,외부#2,0129-011,B1(대)~지상,1번 출구측,
203,204,2,충정로,E/L,내부#1,0039-953,B3(승)~B2(대),섬식(외) 2-1,
204,205,2,충정로,E/L,외부#1,0105-868,B2(대)~지상,5번 출구측,
205,206,3,지축,E/L,내부#1,2040-730,1F(대)~2F(승),섬식(상) 2-1,
206,207,3,구파발,E/L,내부#1,0081-259,B2(승)~B1(대),섬식(상) 5-3,
207,208,3,구파발,E/L,외부#1,0081-260,B1(대)~지상,1번 출구측,
208,209,3,연신내,E/L,내부#1,0102-345,B2(승)~B1(대),섬식(상) 6-1,
209,210,3,불광,E/L,내부#1,0039-994,B2(승)~B1(대),상행 3-3,
210,211,3,불광,E/L,내부#2,0002-833,B2(승)~B1(대),하행 8-2,
211,212,3,불광,E/L,외부#1,0102-055,B1(대)~지상,1번 출구측,
212,213,3,녹번,E/L,내부#1,0102-399,B2(승)~B1(대),섬식(상) 3-1,
213,214,3,녹번,E/L,외부#1,0080-695,B1(대)~지상,3번 출구측,
214,215,3,녹번,E/L,외부#2,0127-909,B1(대)~지상,1번출구,
215,216,3,홍제,E/L,내부#1,0102-346,B3(승)~B2(대),섬식(상) 3-4,
216,217,3,홍제,E/L,외부#1,0039-995,B2(대)~지상,4번 출구측,
217,218,3,홍제,E/L,외부#2,0073-438,B1(대)~지상,1번 출구측,
218,219,3,무악재,E/L,내부#1,0082-061,B3(승)~B2(대),상행 3-3,
219,220,3,무악재,E/L,내부#2,0082-062,B3(승)~B2(대),하행 8-2,
220,221,3,무악재,E/L,외부#1,0082-063,B2(대)~지상,1번 출구측,
221,222,3,독립문,E/L,내부#1,0039-996,B3(승)~B2(대),섬식(상) 9-1,
222,223,3,독립문,E/L,외부#1,0102-347,B2(대)~지상,4번 출구측,
223,224,3,경복궁,E/L,내부#1,0000-388,B3(승)~B2(대),섬식(상) 6-2,
224,225,3,경복궁,E/L,외부#1,0000-719,B2(대)~지상,4번 출구측,
225,226,3,안국,E/L,내부#1,0000-591,B3(승)~B2(대),섬식(상) 3-2,
226,227,3,안국,E/L,외부#1,0000-592,B2(대)~지상,6번 출구측,
227,228,3,종로3가(3),E/L,내부#1,0125-744,대합실 ⇔ 승강장,"지축방향 4-3, 오금방향 7-1",
228,229,3,종로3가(3),E/L,외부#1,0125-743, 대합실 ⇔ 8번출구,8번출구,
229,230,3,을지로3가(3),E/L,내부#1,0040-427,B3(승)~B2(대)~B1(대),섬식(상) 6-3,
230,231,3,을지로3가(3),E/L,외부#1,0040-428,B1(대)~지상,10번 출구측,
231,232,3,동대입구,E/L,내부#1,0003-046,B3(승)~B2(대),섬식(상) 3-3,
232,233,3,동대입구,E/L,내부#2,0118-605,B2(대)~B1(대),,
233,234,3,동대입구,E/L,외부#1,0102-299,B2(대)~지상,6번 출구측,
234,235,3,약수,E/L,내부#1,0102-482,B2(승)~B1(대),섬식(상) 8-4,
235,236,3,약수,E/L,외부#1,0073-377,B1(대)~지상,3번 출구측,
236,237,3,금호,E/L,내부#1,0102-309,B2(승)~B1(대),섬식(상) 3-2,
237,238,3,금호,E/L,외부#1,0041-329,B1(대)~지상,2번 출구측,
238,239,3,금호,E/L,외부#2,0145-645,B1(대)~지상,3번 출구측,
239,240,3,옥수,E/L,내부#1,0074-036,F2(대)~F3(승),상행 10-1,
240,241,3,옥수,E/L,내부#2,0074-037,F2(대)~F3(승),하행 1-2,
241,242,3,옥수,E/L,외부#1,0040-429,지상~F2(대),4-5번출구 사이,
242,243,3,압구정,E/L,내부#1,0033-201,B2(승)~B1(대),상행 8-2,
243,244,3,압구정,E/L,내부#2,0033-202,B2(승)~B1(대),하행 3-2,
244,245,3,압구정,E/L,외부#1,0137-278,B1(대)~지상,3번 출구측,
245,246,3,압구정,E/L,외부#2,0108-323,B1(대)~지상,2번 출구측,
246,247,3,신사,E/L,내부#1,0049-398,B2(승)~B1(대),상행 3-1,
247,248,3,신사,E/L,내부#2,0049-407,B2(승)~B1(대),하행 8-3,
248,249,3,신사,E/L,외부#1,0099-799,B1(대)~지상,1번 출구측,
249,250,3,신사,E/L,외부#2,0110-416,B1(대)~지상,8번 출구측,
250,251,3,잠원,E/L,내부#1,0033-321,B2(승)~B1(대),상행 3-3,
251,252,3,잠원,E/L,내부#2,0035-271,B2(승)~B1(대),하행 8-2,
252,253,3,잠원,E/L,외부#1,0033-320,B1(대)~지상,1번 출구측,
253,254,3,고속터미널,E/L,내부#1,0033-322,B3(승)~B2(대),상행 8-2,
254,255,3,고속터미널,E/L,내부#2,0033-323,B3(승)~B2(대),하행 3-3,
255,256,3,교대(3),E/L,내부#1,0035-270,B3(승)~B2(대)~B1(대),섬식(상) 4-2,
256,257,3,남부터미널,E/L,내부#1,0101-445,B3(승)~B2(대),상행 3-2,
257,258,3,남부터미널,E/L,내부#2,0101-446,B3(승)~B2(대),하행 8-2,
258,259,3,남부터미널,E/L,외부#1,0093-684,B2(대)~지상,5번 출구측,
259,260,3,양재,E/L,내부#1,0099-778,B2(승)~B1(대),상행 3-1,
260,261,3,양재,E/L,내부#2,0099-779,B2(승)~B1(대),하행 8-4,
261,262,3,양재,E/L,외부#1,0110-414,B1(대)~지상,4번 출구측,
262,263,3,양재,E/L,외부#2,0099-776,B1(대)~지상,11번 출구측,
263,264,3,매봉,E/L,내부#1,0033-324,B2(승)~B1(대),상행 5-4,
264,265,3,매봉,E/L,내부#2,0033-325,B2(승)~B1(대),하행 6-1,
265,266,3,매봉,E/L,외부#1,0035-269,B1(대)~지상,1번 출구측,
266,267,3,대치,E/L,내부#1,0033-207,B4(승)~B2(대)~B1(대),섬식(상) 1-1,
267,268,3,대치,E/L,외부#1,0099-954,B1(대)~지상,7번 출구측,
268,269,3,학여울,E/L,내부#1,0033-368,B5(승)~B4(대),상행 5-4,
269,270,3,학여울,E/L,내부#2,0033-369,B5(승)~B4(대),하행 6-1,
270,271,3,학여울,E/L,외부#1,0105-142,B4(대)~B2(대)~B1(대)~지상,1번 출구측,
271,272,3,대청,E/L,내부#1,0035-268,B3(승)~B2(대),상행 4-4,
272,273,3,대청,E/L,내부#2,0035-267,B3(승)~B2(대),하행 7-1,
273,274,3,대청,E/L,외부#1,0035-266,B2(대)~지상,8번 출구측,
274,275,3,일원,E/L,내부#1,0035-326,B3(승)~B2(대),상행 6-3,
275,276,3,일원,E/L,내부#2,0035-327,B3(승)~B2(대),하행 5-2,
276,277,3,일원,E/L,외부#2,0125-974,B2(대)~지상,1번 출구측,
277,278,3,일원,E/L,외부#3,0125-975,B2(대)~지상,1번 출구측,
278,279,3,수서,E/L,내부#1,0033-206,B2(승)~B1(대),상행 8-3,
279,280,3,수서,E/L,내부#2,0033-205,B2(승)~B1(대),하행 3-2,
280,281,3,수서,E/L,외부#1,0033-203,B1(대)~지상,1번 출구측,
281,282,3,수서,E/L,외부#2,0115-093,B1(대)~지상,5번출구,
282,283,3,가락시장,E/L,내부#1,0100-025,B4(승)~B2(대),상행 8-2,
283,284,3,가락시장,E/L,내부#2,0100-026,B4(승)~B2(대),하행 3-2,
284,285,3,가락시장,E/L,외부#1,0100-027,B2(대)~지상,7번 출구측,
285,286,3,경찰병원,E/L,내부#1,0099-889,B3(승)~B1(대),상행 4-2,
286,287,3,경찰병원,E/L,내부#2,0099-890,B3(승)~B1(대),하행 7-3,
287,288,3,경찰병원,E/L,외부#1,0099-887,B1(대)~지상,1번 출구측,
288,289,3,경찰병원,E/L,외부#2,0099-888,B1(대)~지상,3번 출구측,
289,290,3,오금,E/L,내부#1,0099-955,B4(승)~B1(대),상행 5-1,
290,291,3,오금,E/L,내부#2,0099-956,B4(승)~B1(대),하행 6-4,
291,292,3,오금,E/L,외부#1,0099-957,B1(대)~지상,1번 출구측,
292,293,4,당고개,E/L,내부#1,0085-251,F2(대)~F3(승),상행 6-1,
293,294,4,당고개,E/L,내부#2,0085-252,F2(대)~F3(승),하행 5-4,
294,295,4,당고개,E/L,외부#1,0085-253,지상~F2(대),1-4번 출구사이,
295,296,4,상계,E/L,외부#1,0085-254,F1(지상)~F2(대),1-2번 출구측,
296,297,4,노원,E/L,내부#1,0085-261,F2(대)~F3(승),상행 8-4,
297,298,4,노원,E/L,내부#2,0085-262,F2(대)~F3(승),하행 3-1,
298,299,4,노원,E/L,외부#1,0095-391,지상~F2(대),2번 출구측,
299,300,4,노원,E/L,외부#2,0086-473,지상~F2(대),9번 출구측,
300,301,4,창동,E/L,내부#1,0125-524,F2(대)~F3(승),상행(당고개방향) 2-4,
301,302,4,창동,E/L,내부#2,0125-527,F2(대)~F3(승),"상행(당고개방향) 8-2, 8-3",
302,303,4,창동,E/L,내부#3,0125-526,F2(대)~F3(승),"하행(남태령방향) 8-4, 9-1",
303,304,4,창동,E/L,내부#4,0125-525,F2(대)~F3(승),하행(남태령방향) 3-2,
304,305,4,창동,E/L,외부#1,0028-004,지상~F2(대),1번 출구측,
305,306,4,창동,E/L,외부#2,0028-005,지상~F2(대),2번 출구측,
306,307,4,쌍문,E/L,내부#1,0085-219,B2(승)~B1(대),상행 8-4,
307,308,4,쌍문,E/L,내부#2,0085-220,B2(승)~B1(대),하행 3-1,
308,309,4,쌍문,E/L,외부#1,0028-002,B1(대)~지상,1번 출구측,
309,310,4,수유,E/L,내부#1,0085-196,B2(승)~B1(대),상행 7-1,
310,311,4,수유,E/L,내부#2,0085-197,B2(승)~B1(대),하행 4-4,
311,312,4,수유,E/L,외부#1,0019-375,B1(대)~지상,1-2번 출구사이,
312,313,4,미아,E/L,내부#1,0085-194,B2(승)~B1(대),상행 8-2,
313,314,4,미아,E/L,내부#2,0085-195,B2(승)~B1(대),하행 3-4,
314,315,4,미아,E/L,외부#1,0019-374,B1(대)~지상,1-2번 출구사이,
315,316,4,미아사거리,E/L,내부#1,0019-373,B2(승)~B1(대),상행 3-1,
316,317,4,미아사거리,E/L,내부#2,0019-372,B2(승)~B1(대),하행 8-3,
317,318,4,길음,E/L,내부#1,0055-620,B2(승)~B1(대),섬식(상)6-1,
318,319,4,길음,E/L,외부#1,0055-621,B1(대)~지상,5번 출구측,
319,320,4,길음,E/L,외부#2,0028-290,B1(대)~지상,3-4번 출구사이,
320,321,4,성신여대입구,E/L,내부#1,0055-622,B2(승)~B1(대),상행 8-2,
321,322,4,성신여대입구,E/L,내부#2,0055-623,B2(승)~B1(대),하행 3-4,
322,323,4,성신여대입구,E/L,외부#1,0056-491,B1(대)~지상,2번 출구측,
323,324,4,성신여대입구,E/L,외부#2,0028-003,B1(대)~지상,3번 출구측,
324,325,4,한성대입구,E/L,내부#1,0055-618,B2(승)~B1(대),섬식(상)6-1,
325,326,4,한성대입구,E/L,외부#1,0055-619,B1(대)~지상,3-4번 출구사이,
326,327,4,한성대입구,E/L,외부#2,0095-380,B1(대)~지상,5번 출구측,
327,328,4,혜화,E/L,내부#1,0000-911,B2(승)~B1(대),상행 7-4,
328,329,4,혜화,E/L,내부#2,0000-910,B2(승)~B1(대),하행 3-4,
329,330,4,혜화,E/L,외부#1,0000-908,B1(대)~지상,2번 출구측,
330,331,4,혜화,E/L,외부#2,0000-909,B1(대)~지상,3번 출구측,
331,332,4,동대문(4),E/L,내부#1,0000-523,B4(승)~B1(대),섬식(상)6-3,
332,333,4,동대문(4),E/L,외부#1,0000-524,B1(대)~지상,9번 출구측,
333,334,4,동대문역사문화공원(4),E/L,내부#1,0039-975,B3(승)~B1(대),섬식(상)4-4,
334,335,4(기타),동대문별관,E/L,1,0038-528,B3~11,동대문별관,
335,336,4(기타),동대문별관,E/L,2,0038-529,B4~11,동대문별관,
336,337,4(기타),동대문별관,E/L,3,0038-530,B4~11,동대문별관,
337,338,4,충무로(4),E/L,내부#1,0003-715,B3(승)~B1(대),상행 8-1,
338,339,4,충무로(4),E/L,내부#2,0003-714,B3(승)~B1(대),하행 3-3,
339,340,4,충무로(4),E/L,내부#3,0152-338,B4(3호선)~B2(4호선),B3 대합실,
340,341,4,충무로(4),E/L,외부#1,0040-481,B1(대)~지상,7번 출구,
341,342,4,명동,E/L,외부#1,0111-744,B1(대)~지상,1번출구,
342,343,4,회현,E/L,내부#1,0003-716,B4(승)~B2(대)~B1(대),섬식(상)10-1,
343,344,4,회현,E/L,외부#1,0120-838,B1(대)~지상,지상도로 중앙,
344,345,4,서울(4),E/L,내부#1,0003-773,B2(승)~B1(대),섬식(상) 9-1,
345,346,4,서울(4),E/L,외부#1,0040-482,B1(대)~지상,12번 출구,
346,347,4,숙대입구,E/L,내부#1,0003-771,B2(승)~B1(대),상행 8-1,
347,348,4,숙대입구,E/L,내부#2,0003-772,B2(승)~B1(대),하행 3-3,
348,349,4,숙대입구,E/L,외부#1,0102-480,B1(대)~지상,10번 출구,
349,350,4,삼각지,E/L,내부#1,0051-245,B2(승)~B1(대),상행 4-3,
350,351,4,삼각지,E/L,내부#2,0051-246,B2(승)~B1(대),하행 7-2,
351,352,4,삼각지,E/L,외부#1,0073-386,B1(대)~지상,1-2번 출구 사이,
352,353,4,삼각지,E/L,외부#2,0073-707,B1(대)~지상,5-6번 출구 사이,
353,354,4,삼각지,E/L,외부#3,0136-819,B1(대)~지상,3번출구,
354,355,4,신용산,E/L,내부#1,0102-379,B1(승)~B2(대),상행 8-2,
355,356,4,신용산,E/L,내부#2,0102-380,B1(승)~B2(대),하행 3-2,
356,357,4,신용산,E/L,외부#1,0127-849,B2(승)~지상,1번출구,
357,358,4,신용산,E/L,외부#2,0120-390,B1(대)~지상,4번출구,
358,359,4,이촌,E/L,내부#1,0003-769,B2(승)~B1(대),상행 8-1,
359,360,4,이촌,E/L,내부#2,0003-770,B2(승)~B1(대),하행 3-3,
360,361,4,이촌,E/L,외부#1,0102-381,B1(승)~지상,1번 출구측,
361,362,4,이촌,E/L,외부#2,0084-010,B1(승)~지상,2번 출구측,
362,363,4,동작,E/L,내부#1,0097-625,F2(대)~F3(승),상행 7-4,
363,364,4,동작,E/L,내부#2,0031-516,F1(대)~F2(대)~F3(승),하행 4-4,
364,365,4,총신대입구,E/L,내부#1,0031-512,B2(승)~B1(대),상행 7-3,
365,366,4,총신대입구,E/L,내부#2,0031-513,B2(승)~B1(대),하행 8-3,
366,367,4,총신대입구,E/L,외부#1,0110-215,B1(대)~지상,1번 출구측,
367,368,4,총신대입구,E/L,외부#2,0031-515,B1(대)~지상,14번 출구측,
368,369,4,사당(4),E/L,내부#1,0097-112,B3(승)~B2(대)~B1(대),섬식(상)09-2,
369,370,4,사당(4),E/L,외부#1,0031-517,B1(대)~지상,9-10번출구사이,
370,371,4(기타),사당별관,E/L,1,0099-378,B1(승)~F6(대),사당 별관,
371,372,4(기타),사당별관,E/L,2,0099-379,B1(승)~F7(대),사당 별관,
372,373,4(기타),사당별관,E/L,3,0099-380,B1(승)~F7(대),사당 별관,
373,374,4,남태령,E/L,내부#1,0099-926,B3(대)~B2(대),섬식(상) 3-3,
374,375,4,남태령,E/L,내부#2,0099-927,B2(대)~B1(대),1번 출구측,
375,376,4,남태령,E/L,외부#1,0099-928,B1(대)~지상,2번 출구측,
376,377,5,방화,E/L,1,0097-206,B1-B2,시점 승강장,
377,378,5,방화,E/L,2,0097-207,B1-B2,시점 승강장,
378,379,5,방화,E/L,3,0031-396,F1-B1,"1,2번출구 사이",
379,380,5,개화산,E/L,1,0059-336,F1-B2,1번출구,
380,381,5,개화산,E/L,2,0059-337,F1-B2,2번출구,
381,382,5,김포공항,E/L,1,0091-364,B2-B3,시점 승강장,
382,383,5,김포공항,E/L,2,0091-365,B2-B3,종점 승강장,
383,384,5,김포공항,E/L,3,0059-576,F1-B1,외부,
384,385,5,송정,E/L,1,0097-632,B2-B3,상행 승강장,
385,386,5,송정,E/L,2,0097-633,B2-B3,하행 승강장,
386,387,5,송정,E/L,3,0097-634,F1-B2,2번출구,
387,388,5,송정,E/L,4,0097-635,F1-B1,3번출구,
388,389,5,마곡,E/L,1,0059-348,B1-B2,상행 승강장,
389,390,5,마곡,E/L,2,0059-349,B1-B2,하행 승강장,
390,391,5,마곡,E/L,3,0059-350,F1-B1,1번출구,
391,392,5,마곡,E/L,4,0115-890,F1-B1,"6,7번출구",
392,393,5,마곡,E/L,5,0144-531,F1-B1,3번출구,
393,394,5,마곡,E/L,6,0144-546,F1-B1,"4,5번출구",
394,395,5,발산,E/L,1,0097-201,B1-B2,시점 승강장,
395,396,5,발산,E/L,2,0097-202,B1-B2,종점 승강장,
396,397,5,발산,E/L,3,0097-203,F1-B1,7번출구,
397,398,5,우장산,E/L,1,0059-338,B1-B2,시점 승강장,
398,399,5,우장산,E/L,2,0059-339,B1-B2,종점 승강장,
399,400,5,우장산,E/L,3,0059-340,F1-B1,1번출구,
400,401,5,화곡,E/L,1,0073-248,B1-B2,승강장,
401,402,5,화곡,E/L,2,0031-395,F1-B1,"1,2번출구",
402,403,5,까치산,E/L,1,0061-703,B1-B4,지하4층 대합실,
403,404,5,신정,E/L,1,0097-211,B2-B3,상행 승강장,
404,405,5,신정,E/L,2,0097-212,B2-B3,하행 승강장,
405,406,5,목동,E/L,1,0059-308,B1-B2,시점 승강장,
406,407,5,목동,E/L,2,0059-309,B1-B2,종점 승강장,
407,408,5,목동,E/L,3,0031-394,F1-B1,5번출구,
408,409,5,오목교,E/L,1,0059-198,B1-B3,시점 승강장,
409,410,5,오목교,E/L,2,0058-164,B1-B3,종점 승강장,
410,411,5,오목교,E/L,3,0059-199,F1-B1,7번출구,
411,412,5,양평,E/L,1,0059-371,B1-B5,시점 승강장,
412,413,5,양평,E/L,2,0059-372,B4-B5,종점 승강장,
413,414,5,양평,E/L,3,0097-663,F1-B1,2번출구,
414,415,5,영등포구청,E/L,1,0097-661,F1-B5,시점 승강장,
415,416,5,영등포구청,E/L,2,0097-662,B4-B5,종점 승강장,
416,417,5,영등포구청,E/L,3,0109-790,B4-B5,승강장,
417,418,5,영등포구청,E/L,4,0149-121,B4-B5,승강장,
418,419,5,영등포시장,E/L,1,0059-374,B5-B6,시점 승강장,
419,420,5,영등포시장,E/L,2,0059-373,B1-B6,종점 승강장,
420,421,5,영등포시장,E/L,3,0148-101,B1-F1,2번출구,
421,422,5,신길,E/L,1,0031-300,B3-B4,시점 승강장,
422,423,5,신길,E/L,2,0031-312,B3-B4,종점 승강장,
423,424,5,신길,E/L,3,0031-311,F1-B2,3번출구,
424,425,5,신길,E/L,4,0109-789,B3-B4,승강장,
425,426,5,신길,E/L,5,0140-313,B3-B4,승강장,
426,427,5,신길,E/L,6,0143-173,B1-B3,환승통로,
427,428,5,여의도,E/L,1,0058-165,B1-B4,시점 승강장,
428,429,5,여의도,E/L,2,0021-285,B1-B4,종점 승강장,
429,430,5,여의나루,E/L,1,0097-671,B1-B5,승강장,
430,431,5,여의나루,E/L,2,0097-673,BM1-B1,지하2층 대합실,
431,432,5,여의나루,E/L,3,0097-672,F1-BM1,4번출구,
432,433,5,마포,E/L,1,0040-716,B1-B5,승강장,
433,434,5,마포,E/L,2,0040-717,F1-B1,2번출구,
434,435,5,공덕,E/L,1,0102-136,B1-B3,승강장,
435,436,5,공덕,E/L,2,0102-137,F1-B1,2번출구,
436,437,5,애오개,E/L,1,0102-183,B3-B4,시점 승강장,
437,438,5,애오개,E/L,2,0102-184,B3-B4,종점 승강장,
438,439,5,애오개,E/L,3,0102-185,B1-B3,지하3층 대합실,
439,440,5,애오개,E/L,4,0040-267,F1-B1,2번출구,
440,441,5,애오개,E/L,5,0051-370,F1-B1,3번출구,
441,442,5,충정로,E/L,1,0040-426,B1-B5,승강장,
442,443,5,충정로,E/L,2,0102-186,F1-B1,8번출구,
443,444,5,서대문,E/L,1,0000-441,B1-B4,승강장,
444,445,5,서대문,E/L,2,0000-442,F1-B1,2번출구,
445,446,5,서대문,E/L,3,0000-443,F1-BM1,6번출구,
446,447,5,광화문,E/L,1,0000-732,F1-B2,1번출구,
447,448,5,광화문,E/L,2,0139-079,B2-B4,지하4층 대합실,
448,449,5,종로3가,E/L,1,0114-148,B1-B4,지하4층 대합실,
449,450,5,을지로4가,E/L,1,0113-923,B1-B5,승강장,
450,451,5,동대문역사문화공원,E/L,1,0103-496,B1-B4,지하4층 대합실,
451,452,5,동대문역사문화공원,E/L,2,0113-922,B1-B5,승강장,
452,453,5,신금호,E/L,1,0102-334,B2-B8,승강장,
453,454,5,신금호,E/L,2,0102-335,B2-B8,승강장,
454,455,5,신금호,E/L,3,0102-619,F1-B2,2번출구,
455,456,5,행당,E/L,1,0103-811,B3-B5,상행 승강장,
456,457,5,행당,E/L,2,0103-812,B4-B5,하행 승강장,
457,458,5,행당,E/L,3,0040-489,F1-B3,3번출구,
458,459,5,왕십리,E/L,1,2133-670,F1-B4,4번출구,
459,460,5,왕십리,E/L,2,0103-813,B4-B5,상행 승강장,
460,461,5,왕십리,E/L,3,0103-814,B4-B5,하행 승강장,
461,462,5,마장,E/L,1,0103-825,B2-B3,상행 승강장,
462,463,5,마장,E/L,2,0103-826,B2-B3,하행 승강장,
463,464,5,마장,E/L,3,0124-543,B2-1F,2번출구,
464,465,5,답십리,E/L,1,0104-440,B2-B3,상행 승강장,
465,466,5,답십리,E/L,2,0104-441,B2-B3,하행 승강장,
466,467,5,답십리,E/L,3,0039-063,F1-B2,2번출구,
467,468,5,답십리,E/L,4,0104-442,F1-B2,6번출구,
468,469,5,장한평,E/L,1,0028-329,B2-B3,승강장,
469,470,5,장한평,E/L,2,0028-330,F1-B2,"7,8번출구",
470,471,5,장한평,E/L,3,0084-228,F1-B2,1번출구,
471,472,5,군자,E/L,1,0028-991,B1-B3,상행 승강장,
472,473,5,군자,E/L,2,0028-260,B1-B3,하행 승강장,
473,474,5,군자,E/L,3,0094-110,F1-B1,4번출구,
474,475,5,아차산,E/L,1,0027-016,B1-B3,상행 승강장,
475,476,5,아차산,E/L,2,0028-339,B1-B3,하행 승강장,
476,477,5,아차산,E/L,3,0094-109,F1-B1,4번출구,
477,478,5,광나루,E/L,1,0028-404,B2-B3,상행 승강장,
478,479,5,광나루,E/L,2,0028-405,B2-B3,하행 승강장,
479,480,5,광나루,E/L,3,0028-406,F1-B2,1번출구,
480,481,5,광나루,E/L,4,0093-984,F1-B1,3번출구,
481,482,5,천호,E/L,1,0066-068,F1-BM1,"6,7번출구",
482,483,5,천호,E/L,2,0045-888,B1-B3,상행 승강장,
483,484,5,천호,E/L,3,0112-626,B2-B3,상행 승강장,
484,485,5,천호,E/L,4,0075-646,B2-B3,하행 승강장,
485,486,5,강동,E/L,1,0078-217,B3-B4,하행 승강장,
486,487,5,강동,E/L,2,0012-496,F1-B3,1번출구,
487,488,5,길동,E/L,1,0008-835,B2-B3,상행 승강장,
488,489,5,길동,E/L,2,0008-836,B2-B3,하행 승강장,
489,490,5,길동,E/L,3,0077-502,B1-BM2,지하2층 대합실,
490,491,5,굽은다리,E/L,1,0011-271,B1-B2,상행 승강장,
491,492,5,굽은다리,E/L,2,0011-272,B1-B2,하행 승강장,
492,493,5,굽은다리,E/L,3,0011-273,F1-B1,2번출구,
493,494,5,명일,E/L,1,0008-833,B1-B2,상행 승강장,
494,495,5,명일,E/L,2,0008-834,B1-B2,하행 승강장,
495,496,5,명일,E/L,3,0089-691,F1-B1,3번출구,
496,497,5,고덕,E/L,1,0012-583,B1-B2,상행 승강장,
497,498,5,고덕,E/L,2,0056-958,B1-B2,하행 승강장,
498,499,5,고덕,E/L,3,0077-286,F1-B1,2번출구,
499,500,5,고덕,E/L,4,0056-959,F1-B1,"4,5번출구",
500,501,5,상일동,E/L,1,0137-763,F1-B2,1번출구,
501,502,5,상일동,E/L,2,0137-764,F1-B2,3번출구,
502,503,5,상일동,E/L,3,0148-849,B1-F1,5번출구,
503,504,5,상일동,E/L,4,0148-785,F1-B2,8번출구,
504,505,5(연),강일,E/L,1,0140-721,B3-B2,상행 승강장,
505,506,5(연),강일,E/L,2,0140-722,B3-B2,상행 승강장,
506,507,5(연),강일,E/L,3,0140-723,B3-B1,하행 승강장,
507,508,5(연),강일,E/L,4,0140-724,B3-B1,하행 승강장,
508,509,5(연),강일,E/L,5,0140-807,B2-1F,1번출구,
509,510,5(연),강일,E/L,7,0140-808,B2-1F,3번출구,
510,511,5(연),강일,E/L,8,0140-809,B2-1F,4번출구,
511,512,5(연),미사,E/L,1,2231-268,B2-B1,상행 승강장,
512,513,5(연),미사,E/L,2,2231-269,B2-B1,하행 승강장,
513,514,5(연),미사,E/L,3,2231-270,B1-F1,1번출구,
514,515,5(연),미사,E/L,4,2231-271,B1-F1,6번출구,
515,516,5(연),하남풍산,E/L,1,2229-180,B2-B1,상행 승강장,
516,517,5(연),하남풍산,E/L,2,2229-179,B2-B1,하행 승강장,
517,518,5(연),하남풍산,E/L,3,2229-181,B1-F1,1번출구,
518,519,5(연),하남풍산,E/L,4,2229-182,B1-F1,5번출구,
519,520,5(연),하남풍산,E/L,5,2229-183,B1-F1,7번출구,
520,521,5(연),하남시청,E/L,1,2234-916,B3-B2,대합실,
521,522,5(연),하남시청,E/L,2,2234-917,B3-B2,대합실,
522,523,5(연),하남시청,E/L,3,2234-918,B2-1F,3번출구,
523,524,5(연),하남시청,E/L,4,2234-919,B2-1F,5번출구,
524,525,5(연),하남검단산,E/L,1,2231-985,B3-B1,대합실,
525,526,5(연),하남검단산,E/L,2,2231-986,B3-B1,대합실,
526,527,5(연),하남검단산,E/L,3,2231-987,B1-F1,1번출구,
527,528,5(연),하남검단산,E/L,4,2231-988,B1-F1,3번출구,
528,529,5,둔촌동,E/L,1,0011-274,B1-B2,상행 승강장,
529,530,5,둔촌동,E/L,2,0011-275,B1-B2,하행 승강장,
530,531,5,둔촌동,E/L,3,0008-837,F1-B1,"3,4번출구",
531,532,5,올림픽공원,E/L,1,0077-287,B2-B3,상행 승강장,
532,533,5,올림픽공원,E/L,2,0077-288,B2-B3,하행 승강장,
533,534,5,올림픽공원,E/L,4,0087-506,F1-B2,2번출구,
534,535,5,방이,E/L,1,0087-288,B1-B2,상행 승강장,
535,536,5,방이,E/L,2,0087-289,B1-B2,하행 승강장,
536,537,5,방이,E/L,3,0087-214,F1-B1,3번출구,
537,538,5,방이,E/L,4,0088-071,F1-B1,1번출구,
538,539,5,오금,E/L,1,0011-361,B1-B2,상행 승강장,
539,540,5,오금,E/L,2,0011-362,B1-B2,하행 승강장,
540,541,5,오금,E/L,3,0078-506,B2-B3,상행 승강장,
541,542,5,오금,E/L,4,0078-507,B2-B3,하행 승강장,
542,543,5,오금,E/L,5,0078-508,F1-B1,5번출구,
543,544,5,개롱,E/L,1,0065-940,B1-B2,상행 승강장,
544,545,5,개롱,E/L,2,0065-910,B1-B2,하행 승강장,
545,546,5,개롱,E/L,3,0078-214,F1-B1,"3,4번출구",
546,547,5,거여,E/L,1,0089-595,B1-B2,상행 승강장,
547,548,5,거여,E/L,2,0011-364,B1-B2,하행 승강장,
548,549,5,거여,E/L,3,0078-211,F1-B1,2번출구,
549,550,5,마천,E/L,1,0009-741,B1-B4,승강장,
550,551,5,마천,E/L,2,0155-881,B1-B4,대합실,
551,552,6,응암,E/L,1,0040-053,B1-B2,승강장,
552,553,6,응암,E/L,2,0073-334,F1-B1,지하2층 대합실,
553,554,6,역촌,E/L,1,0104-827,B1-B4,승강장,
554,555,6,역촌,E/L,2,0042-692,F1-B1,고객상담실 앞,
555,556,6,불광,E/L,1,0039-061,B1-B4,시점 승강장,
556,557,6,불광,E/L,2,0039-062,B1-B4,종점 승강장,
557,558,6,불광,E/L,3,0042-691,F1-B1,8번출구,
558,559,6,독바위,E/L,1,0040-274,B1-B6,승강장,
559,560,6,독바위,E/L,2,0042-697,F1-B1,1번출구,
560,561,6,연신내,E/L,1,0102-709,B1-B5,승강장,
561,562,6,연신내,E/L,2,0102-710,F1-B1,6번출구,
562,563,6,구산,E/L,1,0040-487,F1-B1,4번출구,
563,564,6,새절,E/L,1,0042-689,B1-B2,상행 승강장,
564,565,6,새절,E/L,2,0042-690,F1-B1,1번출구,
565,566,6,증산,E/L,1,0042-852,B1-B2,상행 승강장,
566,567,6,증산,E/L,2,0042-853,B1-B2,하행 승강장,
567,568,6,증산,E/L,3,0042-854,F1-B1,2번출구,
568,569,6,디지털미디어시티,E/L,1,0102-251,B1-B2,상행 승강장,
569,570,6,디지털미디어시티,E/L,2,0102-252,B1-B2,하행 승강장,
570,571,6,디지털미디어시티,E/L,3,0102-253,F1-B1,4번출구,
571,572,6,월드컵경기장,E/L,1,0104-771,B2-B3,상행 승강장,
572,573,6,월드컵경기장,E/L,2,0104-772,B2-B3,하행 승강장,
573,574,6,월드컵경기장,E/L,3,0104-773,F1-B2,2번출구,
574,575,6(기타),성산별관,E/L,1,0041-834,F4-B1,외부,
575,576,6,마포구청,E/L,1,0007-233,B2-B3,상행 승강장,
576,577,6,마포구청,E/L,2,0007-234,B2-B3,하행 승강장,
577,578,6,마포구청,E/L,3,0015-263,F1-B2,8번출구,
578,579,6,마포구청,E/L,4,0070-790,F1-B2,2번출구,
579,580,6,망원,E/L,1,0040-055,B1-B2,상행 승강장,
580,581,6,망원,E/L,2,0040-054,F1-B2,하행 승강장,
581,582,6,합정,E/L,1,0039-041,B1-B4,상행 승강장,
582,583,6,합정,E/L,2,0039-042,B3-B4,하행 승강장,
583,584,6,합정,E/L,3,0039-043,F1-B1,6번출구,
584,585,6,합정,E/L,4,0005-870,F1-B1,9번출구,
585,586,6,합정,E/L,5,0108-823,F1-B1,8-1번출구,
586,587,6,상수,E/L,1,0102-308,B2-B3,승강장,
587,588,6,상수,E/L,2,0143-822,F1-B1,지하1층 대합실,
588,589,6,상수,E/L,3,0150-002,B2-B1,지하2층 대합실,
589,590,6,광흥창,E/L,1,0039-039,F1-B2,1번출구,
590,591,6,광흥창,E/L,2,0039-040,B2-B3,승강장,
591,592,6,광흥창,E/L,3,0007-065,F1-B1,4번출구,
592,593,6,대흥,E/L,1,0042-659,B2-B3,승강장,
593,594,6,대흥,E/L,2,0104-289,B1-B2,지하2층 대합실,
594,595,6,공덕,E/L,1,0015-040,B1-B2,시점 승강장,
595,596,6,공덕,E/L,2,0004-354,B1-B2,종점 승강장,
596,597,6,공덕,E/L,3,0004-355,F1-B1,5번출구,
597,598,6,공덕,E/L,4,0104-290,B2-B3,환승통로,
598,599,6,공덕,E/L,5,0104-340,B2-B3,환승통로,
599,600,6,효창공원앞,E/L,1,0042-657,B2-B3,승강장,
600,601,6,효창공원앞,E/L,2,0042-658,B1-B2,지하2층 대합실,
601,602,6,삼각지,E/L,1,0041-719,B3-B4,승강장,
602,603,6,삼각지,E/L,2,0041-875,B3-B4,승강장,
603,604,6,삼각지,E/L,3,0104-720,F1-B3,8번출구,
604,605,6,삼각지,E/L,4,0041-877,F1-B3,12번출구,
605,606,6,삼각지,E/L,5,0103-579,B3-B4,환승통로,
606,607,6,녹사평,E/L,1,0082-691,B4-B5,승강장,
607,608,6,녹사평,E/L,2,0082-692,B2-B4,지하4층 대합실,
608,609,6,녹사평,E/L,3,0082-693,F1-B2,1번출구,
609,610,6,이태원,E/L,1,0103-976,B1-B5,승강장,
610,611,6,이태원,E/L,2,0040-056,F1-B1,2번출구,
611,612,6,한강진,E/L,1,0102-206,B3-B4,상행 승강장,
612,613,6,한강진,E/L,2,0102-207,B1-B4,하행 승강장,
613,614,6,한강진,E/L,3,0041-868,F1-B1,3번출구,
614,615,6,버티고개,E/L,1,0102-205,B3-B4,상행 승강장,
615,616,6,버티고개,E/L,2,0102-097,B3-B4,하행 승강장,
616,617,6,버티고개,E/L,3,0102-203,B2-B3,지하3층 대합실,
617,618,6,버티고개,E/L,4,0102-204,B1-B2,지하2층 대합실,
618,619,6,버티고개,E/L,5,0041-895,F1-B1,2번출구,
619,620,6,약수,E/L,1,0103-977,B2-B3,상행 승강장,
620,621,6,약수,E/L,2,0103-978,B2-B3,하행 승강장,
621,622,6,약수,E/L,3,0103-979,B1-B3,상행 승강장,
622,623,6,약수,E/L,4,0113-921 ,B1-B2,지하1층 대합실,
623,624,6,청구,E/L,1,0104-443,B3-B4,승강장,
624,625,6,청구,E/L,2,0104-444,B1-B3,지하3층 대합실,
625,626,6,청구,E/L,3,0104-445,B1-B3,지하3층 대합실,
626,627,6,청구,E/L,4,0104-446,F1-B1,3번출구,
627,628,6,청구,E/L,5,0074-257,F1-B1,1번출구,
628,629,6,신당,E/L,1,0103-494,B1-B3,승강장,
629,630,6,신당,E/L,2,0089-055,B1-F1,11번출구,
630,631,6,동묘앞,E/L,1,0000-962,B2-B3,승강장,
631,632,6,동묘앞,E/L,2,0000-963,B2-B3,승강장,
632,633,6,창신,E/L,1,0002-280,B1-B4,승강장,
633,634,6,창신,E/L,2,0000-959,F1-B1,"3,4번출구",
634,635,6,창신,E/L,3,0125-798,F1-B1,2번출구,
635,636,6,보문,E/L,1,0049-838,B2-B3,승강장,
636,637,6,안암,E/L,1,0028-813,B2-B3,상행 승강장,
637,638,6,안암,E/L,2,0028-814,B2-B3,하행 승강장,
638,639,6,안암,E/L,3,0028-815,F1-B2,1번출구,
639,640,6,고려대,E/L,1,0019-339,B1-B4,상행 승강장,
640,641,6,고려대,E/L,2,0053-247,B1-B4,하행 승강장,
641,642,6,고려대,E/L,3,0019-340,F1-B1,1번출구,
642,643,6,고려대,E/L,4,0053-248,F1-B1,"3,4번출구",
643,644,6,월곡,E/L,1,0044-187,B2-B3,상행 승강장,
644,645,6,월곡,E/L,2,0044-188,B2-B3,하행 승강장,
645,646,6,월곡,E/L,3,0028-819,F1-B2,"1,5번출구 사이",
646,647,6,상월곡,E/L,1,0027-999,F1-B2,4번출구,
647,648,6,돌곶이,E/L,1,0054-295,B1-B2,상행 승강장,
648,649,6,돌곶이,E/L,2,0054-296,B1-B2,하행 승강장,
649,650,6,돌곶이,E/L,3,0044-225,F1-B1,3번출구,
650,651,6,석계,E/L,1,0057-328,B2-B3,상행 승강장,
651,652,6,석계,E/L,2,0055-103,B2-B3,하행 승강장,
652,653,6,석계,E/L,3,0057-329,F1-B2,1번출구,
653,654,6,석계,E/L,4,0055-102,F1-B2,4번출구,
654,655,6,태릉입구,E/L,1,0019-107,B1-B2,상행 승강장,
655,656,6,태릉입구,E/L,2,0015-897,B1-B2,하행 승강장,
656,657,6,태릉입구,E/L,3,0015-898,F1-B1,8번출구,
657,658,6,태릉입구,E/L,4,0113-359,F1-B1,6번출구,
658,659,6,화랑대,E/L,1,0057-151,B1-B2,상행 승강장,
659,660,6,화랑대,E/L,2,0057-152,B1-B2,하행 승강장,
660,661,6,화랑대,E/L,3,0057-153,F1-B1,1번출구,
661,662,6,화랑대,E/L,4,0094-425,F1-B1,7번출구,
662,663,6,봉화산,E/L,1,0054-819,F1-B1,2번출구,
663,664,6,봉화산,E/L,2,0094-606,F1-B1,4번출구,
664,665,6,신내,E/L,1,0136-697,F1-F2,상행 승강장,
665,666,7,장암,E/L,1,2064-681,F2-F1,지상,
666,667,7,장암,E/L,2,2064-682,F2-F1,1번출구,
667,668,7,도봉산,E/L,1,0053-189,F2-F1,상행 승강장,
668,669,7,도봉산,E/L,2,0053-190,F2-F1,하행 승강장,
669,670,7,도봉산,E/L,3,0085-381,F2-F1,상행 승강장,
670,671,7,도봉산,E/L,4,0085-291,F2-F1,하행 승강장,
671,672,7,도봉산,E/L,5,0135-003,B1-F1,1-1번출구,
672,673,7,수락산,E/L,1,0053-324,F1-B2,1번출구,
673,674,7,마들,E/L,1,0017-182,B1-B3,승강장,
674,675,7,마들,E/L,2,0053-180,F1-B1,5번출구,
675,676,7,마들,E/L,3,0085-028,F1-B1,4번출구,
676,677,7,마들,E/L,4,0085-029,F1-B1,2번출구,
677,678,7,노원,E/L,1,0086-703,B1-B3,승강장,
678,679,7,노원,E/L,2,0018-585,F1-B1,3번출구,
679,680,7,노원,E/L,3,0094-686,F1-B1,6번출구,
680,681,7,중계,E/L,1,0015-704,B2-B3,승강장,
681,682,7,중계,E/L,2,0019-485,F1-B2,5번출구,
682,683,7,중계,E/L,3,0015-997,F1-B2,3번출구,
683,684,7,하계,E/L,2,0017-579,B1-B3,승강장,
684,685,7,하계,E/L,3,0056-263,F1-B1,1번출구,
685,686,7,하계,E/L,4,0085-031,F1-B1,6번출구,
686,687,7,공릉,E/L,1,0015-705,B2-B4,상행 승강장,
687,688,7,공릉,E/L,2,0015-706,B1-B4,하행 승강장,
688,689,7,공릉,E/L,3,0015-998,F1-B1,2번출구,
689,690,7,태릉입구,E/L,1,0017-918,B1-B4,상행 승강장,
690,691,7,태릉입구,E/L,2,0053-181,F1-B4,하행 승강장,
691,692,7,먹골,E/L,1,0017-580,B2-B3,상행 승강장,
692,693,7,먹골,E/L,2,0017-581,B2-B3,하행 승강장,
693,694,7,먹골,E/L,3,0018-261,F1-B1-B2,2번출구,
694,695,7,중화,E/L,1,0018-259,B1-B2-B3,상행 승강장,
695,696,7,중화,E/L,2,0018-260,B2-B3,하행 승강장,
696,697,7,중화,E/L,3,0056-268,F1-B1,3번출구,
697,698,7,상봉,E/L,1,0019-106,B1-B3,상행 승강장,
698,699,7,상봉,E/L,2,0019-351,B1-B3,하행 승강장,
699,700,7,상봉,E/L,3,0016-030,B2-B3,상행 승강장,
700,701,7,상봉,E/L,4,0016-029,B2-B3,하행 승강장,
701,702,7,상봉,E/L,5,0019-486,F1-B1,3번출구,
702,703,7,면목,E/L,1,0017-577,B1-B3-B4,상행 승강장,
703,704,7,면목,E/L,2,0017-578,B3-B4,하행 승강장,
704,705,7,면목,E/L,3,0018-586,F1-B1,3번출구,
705,706,7,사가정,E/L,1,0017-575,B3-B4,상행 승강장,
706,707,7,사가정,E/L,2,0017-576,B1-B3-B4,하행 승강장,
707,708,7,사가정,E/L,3,0052-631,F1-B1,3번출구,
708,709,7,용마산,E/L,1,0017-574,B3-B4,상행 승강장,
709,710,7,용마산,E/L,2,0017-573,B1-B4,하행 승강장,
710,711,7,용마산,E/L,3,0018-587,F2-B1,1번출구,
711,712,7,중곡,E/L,1,0005-633,B2-B3,상행 승강장,
712,713,7,중곡,E/L,2,0005-634,B2-B3,하행 승강장,
713,714,7,중곡,E/L,3,0003-912,F1-B2,1번출구,
714,715,7,군자,E/L,1,0094-111,F1-B1,7번출구,
715,716,7,어린이대공원,E/L,1,0007-435,B1-B3,상행 승강장,
716,717,7,어린이대공원,E/L,2,0082-420,B1-B3,하행 승강장,
717,718,7,어린이대공원,E/L,3,0007-437,F1-B1,1번출구,
718,719,7,어린이대공원,E/L,4,0051-898,F1-B1,5번출구,
719,720,7,건대입구,E/L,1,0132-928,B2-B3,상행 승강장,
720,721,7,건대입구,E/L,2,0132-929,B2-B3,하행 승강장,
721,722,7,뚝섬유원지,E/L,1,0082-441,F2-F1,1번출구,
722,723,7,뚝섬유원지,E/L,2,0082-442,F3-F2,상행 승강장,
723,724,7,뚝섬유원지,E/L,3,0082-443,F3-F2,하행 승강장,
724,725,7,청담,E/L,1,0056-819,F1-B3,5번출구,
725,726,7,청담,E/L,2,0045-844,F1-B3,10번출구,
726,727,7,강남구청,E/L,1,0011-097,B2-B3,상행 승강장,
727,728,7,강남구청,E/L,2,0011-098,B2-B3,하행 승강장,
728,729,7,학동,E/L,1,0065-989,B2-B3,상행 승강장,
729,730,7,학동,E/L,2,0065-990,B2-B3,하행 승강장,
730,731,7,학동,E/L,3,0078-212,F1-B2,3번출구,
731,732,7,논현,E/L,1,0057-897,B2-B3,상행 승강장,
732,733,7,논현,E/L,2,0057-898,B2-B3,하행 승강장,
733,734,7,논현,E/L,3,0012-777,F1-B2,8번출구,
734,735,7,반포,E/L,1,0078-301,B2-B3,상행 승강장,
735,736,7,반포,E/L,2,0078-302,B2-B3,하행 승강장,
736,737,7,반포,E/L,3,0012-778,F1-B2,6번출구,
737,738,7,반포,E/L,4,0077-428,F1-B2,1번출구,
738,739,7,고속터미널,E/L,1,0009-821,B2-B3,상행 승강장,
739,740,7,고속터미널,E/L,2,0009-822,B2-B3,하행 승강장,
740,741,7,내방,E/L,1,0077-425,B2-B3,상행 승강장,
741,742,7,내방,E/L,2,0077-426,B2-B3,하행 승강장,
742,743,7,내방,E/L,3,0077-427,B1-B2,고객상담실 앞,
743,744,7,내방,E/L,4,0012-779,F1-B1,3번출구,
744,745,7,내방,E/L,5,0087-708,F1-B1,5번출구,
745,746,7,이수,E/L,1,0063-029,B3-B4,상행 승강장,
746,747,7,이수,E/L,2,0063-030,B3-B4,하행 승강장,
747,748,7,이수,E/L,3,0063-031,F1-B3,11번출구,
748,749,7,남성,E/L,1,0091-212,B2-B3,상행 승강장,
749,750,7,남성,E/L,2,0091-213,B2-B3,하행 승강장,
750,751,7,남성,E/L,3,0091-214,F1-B2,3번출구,
751,752,7,남성,E/L,4,0151-564,B3-F1,2번출구,
752,753,7,숭실대입구,E/L,1,0060-933,B2-B6,상행 승강장,
753,754,7,숭실대입구,E/L,2,0060-934,B2-B6,하행 승강장,
754,755,7,숭실대입구,E/L,3,0060-935,F1-B2,2번출구,
755,756,7,숭실대입구,E/L,4,0123-429,F1-B3,3번출구,
756,757,7,상도,E/L,1,0021-574,B2-B3,상행 승강장,
757,758,7,상도,E/L,2,0021-575,B2-B3,하행 승강장,
758,759,7,상도,E/L,3,0021-576,F1-B2,5번 출구측,
759,760,7,장승배기,E/L,1,0022-769,B2-B3,상행 승강장,
760,761,7,장승배기,E/L,2,0022-770,B2-B3,하행 승강장,
761,762,7,장승배기,E/L,3,0022-771,F1-B2,2번출구,
762,763,7,신대방삼거리,E/L,1,0022-772,B2-B3,상행 승강장,
763,764,7,신대방삼거리,E/L,2,0022-773,B2-B3,하행 승강장,
764,765,7,신대방삼거리,E/L,3,0022-522,B1-B2,고객상담실 옆,
765,766,7,신대방삼거리,E/L,4,0022-774,F1-B1,3번출구,
766,767,7,보라매,E/L,1,0021-025,B1-B2,승강장,
767,768,7,보라매,E/L,2,0021-026,F1-B1,6번출구,
768,769,7,신풍,E/L,1,0021-850,B1-B2,상행 승강장,
769,770,7,신풍,E/L,2,0021-851,B1-B2,하행 승강장,
770,771,7,신풍,E/L,3,0021-852,F1-B1,4번출구,
771,772,7,신풍,E/L,4,0097-451,F1-B1,5번출구,
772,773,7,대림,E/L,1,0020-631,B1-B2,상행 승강장,
773,774,7,대림,E/L,2,0020-632,B1-B2,하행 승강장,
774,775,7,대림,E/L,3,0020-633,F1-B1,10번출구,
775,776,7,가산디지털단지,E/L,1,0021-021,B2-B3-B4,상행 승강장,
776,777,7,가산디지털단지,E/L,2,0021-022,B2-B3-B4,하행 승강장,
777,778,7,가산디지털단지,E/L,3,0021-023,B1-B2,지하2층 대합실,
778,779,7,가산디지털단지,E/L,4,0021-024,F1-B1,6번출구,
779,780,7,철산,E/L,1,2026-968,B1-B2,상행 승강장,
780,781,7,철산,E/L,2,2026-969,B1-B2,하행 승강장,
781,782,7,철산,E/L,3,2026-970,F1-B1,1번출구,
782,783,7,철산,E/L,4,2162-470,F1-B1,4번출구,
783,784,7,광명사거리,E/L,1,2026-444,B2-B3,하행 승강장,
784,785,7,광명사거리,E/L,2,2117-998,F1-B2,2번출구,
785,786,7,천왕,E/L,1,0021-226,B1-B2,상행 승강장,
786,787,7,천왕,E/L,2,0021-227,B1-B2,하행 승강장,
787,788,7,천왕,E/L,3,0025-776,F1-B1,3번출구,
788,789,7,온수,E/L,1,0021-618,B1-B2,상행 승강장,
789,790,7,온수,E/L,2,0021-619,B1-B2,하행 승강장,
790,791,7,온수,E/L,3,0021-620,F1-B1,2번출구,
791,792,7,천왕,E/L,4,0122-484,F1-B1,2번출구,
792,793,7(기타),천왕기지,E/L,1,0058-636,F5-B1,외부,
793,794,8,암사,E/L,1,0066-066,B1-B2,시점 승강장,
794,795,8,암사,E/L,2,0066-067,B1-B2,하행 승강장,
795,796,8,암사,E/L,3,0079-858,F1-B1,3번출구,
796,797,8,천호,E/L,1,0077-988,B1-B2,상행 승강장,
797,798,8,천호,E/L,2,0077-989,B1-B2,하행 승강장,
798,799,8,강동구청,E/L,1,0077-745,B2-B3,상행 승강장,
799,800,8,강동구청,E/L,2,0077-746,B2-B3,하행 승강장,
800,801,8,강동구청,E/L,3,0009-742,F1-B2,4번출구,
801,802,8,몽촌토성,E/L,1,0011-276,B2-B3,상행 승강장,
802,803,8,몽촌토성,E/L,2,0011-277,B2-B3,하행 승강장,
803,804,8,몽촌토성,E/L,3,0011-278,B1-B2,지하2층 대합실,
804,805,8,몽촌토성,E/L,4,0075-711,F1-B1,4번출구,
805,806,8,잠실,E/L,1,0087-497,B1-B3,상행 승강장,
806,807,8,잠실,E/L,2,0087-498,B1-B3,하행 승강장,
807,808,8,잠실,E/L,3,0087-499,F1-B1,9번출구,
808,809,8,잠실,E/L,4,0089-900,B2-F1,10번출구,
809,810,8,석촌,E/L,1,0075-712,B1-B2,상행 승강장,
810,811,8,석촌,E/L,2,0075-713,B1-B2,하행 승강장,
811,812,8,석촌,E/L,3,0045-887,F1-B1,1번출구,
812,813,8,송파,E/L,1,0087-791,B1-B2,상행 승강장,
813,814,8,송파,E/L,2,0087-792,B1-B2,하행 승강장,
814,815,8,송파,E/L,3,0046-881,F1-B1,1번출구,
815,816,8,가락시장,E/L,1,0078-551,B1-B2,상행 승강장,
816,817,8,가락시장,E/L,2,0078-553,B1-B2,하행 승강장,
817,818,8,가락시장,E/L,3,0078-555,B2-B3,상행 승강장,
818,819,8,가락시장,E/L,4,0078-554,B2-B3,하행 승강장,
819,820,8,가락시장,E/L,5,0075-714,F1-B2,"1,2번출구",
820,821,8,가락시장,E/L,6,0078-552,F1-B1,"3,4번출구",
821,822,8,문정,E/L,1,0077-747,B1-B2,상행 승강장,
822,823,8,문정,E/L,2,0077-748,B1-B2,하행 승강장,
823,824,8,문정,E/L,3,0009-743,F1-B1,2번출구,
824,825,8,장지,E/L,1,0077-861,B1-B2,상행 승강장,
825,826,8,장지,E/L,2,0077-862,B1-B2,하행 승강장,
826,827,8,장지,E/L,3,0009-744,F1-B1,1번출구,
827,828,8,장지,E/L,4,0077-876,F1-B1,3번출구,
828,829,8,복정,E/L,1,0011-754,B1-B3,승강장,
829,830,8,남위례,E/L,1,2249-470,F1-F2,출구,
830,831,8,남위례,E/L,2,2249-471,F1-F4,출구,
831,832,8,남위례,E/L,3,2249-472,F2-F3,출구,
832,833,8,산성,E/L,1,2024-722,B2-B3,상행 승강장,
833,834,8,산성,E/L,2,2024-723,B2-B3,하행 승강장,
834,835,8,산성,E/L,3,2024-721,B1-B2,대합실,
835,836,8,산성,E/L,4,2075-288,F1-B1,3번출구,
836,837,8,남한산성입구,E/L,1,2022-967,B2-B3,상행 승강장,
837,838,8,남한산성입구,E/L,2,2231-773,F1-B3,하행 승강장,
838,839,8,단대오거리,E/L,1,2116-586,B1-B3,상행 승강장,
839,840,8,단대오거리,E/L,2,2116-587,B1-B3,하행 승강장,
840,841,8,단대오거리,E/L,3,2116-588,F1-B1,4번출구,
841,842,8,신흥,E/L,1,2022-969,B1-B2,상행 승강장,
842,843,8,신흥,E/L,2,2022-970,B1-B2,하행 승강장,
843,844,8,수진,E/L,1,2116-589,B1-B2,상행 승강장,
844,845,8,수진,E/L,2,2116-590,B1-B2,하행 승강장,
845,846,8,수진,E/L,3,2212-625,B1-F1,3번출구,
846,847,8,모란,E/L,1,2116-583,B1-B3,상행 승강장,
847,848,8,모란,E/L,2,2116-584,B2-B3,종점 승강장,
848,849,8,모란,E/L,3,2116-585,F1-B1,11번출구,
0,1,1,서울(1),E/L,내부#1,0074-205,B2(승)~B1(대),섬식(상) 5-1,
1,2,1,서울(1),E/L,외부#1,0104-656,B1(대)~지상,2번 출구측,
2,3,1,서울(1),E/L,외부#2,0105-867,B1(대)~지상,4번 출구측,
3,4,1,서울(1),E/L,외부#3,0073-979,B1(대)~지상,3번 출구측,
4,5,1,시청(1),E/L,내부#1,0002-888,B2(승)~B1(대),상행 3-2,
5,6,1,시청(1),E/L,내부#2,0002-887,B2(승)~B1(대),하행 8-3,
6,7,1,시청(1),E/L,외부#1,0002-889,B1(대)~지상,1-2번 출구사이,
7,8,1,종각,E/L,내부#1,0000-506,B2(승)~B1(대),상행 6-4,
8,9,1,종각,E/L,내부#2,0000-507,B2(승)~B1(대),하행 4-4,
9,10,1,종각,E/L,외부#1,0000-508,B1(대)~지상,3번 출구측,
10,11,1,종각,E/L,외부#2,0113-945,B1(대)~지상,1번 출구측,
11,12,1,종로3가(1),E/L,내부#1,0000-512,B2(승)~B1(대),상행 4-4,
12,13,1,종로3가(1),E/L,내부#2,0000-513,B2(승)~B1(대),하행 6-4,
13,14,1,종로3가(1),E/L,외부#1,0073-426,B1(대)~지상,12-13번 출구측,
14,15,1,종로5가,E/L,내부#1,0000-533,B2(승)~B1(대),상행 8-3,
15,16,1,종로5가,E/L,내부#2,0000-534,B2(승)~B1(대),하행 3-2,
16,17,1,종로5가,E/L,외부#1,0000-535,B1(대)~지상,8-9번 출구측,
17,18,1,동대문(1),E/L,내부#1,0000-906,B2(승)~B1(대),상행 10-4,
18,19,1,동대문(1),E/L,내부#2,0000-907,B2(승)~B1(대),하행 2-1,
19,20,1,동대문(1),E/L,외부#1,0000-905,B1(대)~지상,6번 출구측,
20,21,1,동묘앞,E/L,내부#1,0000-946,B1(승)~4F(건),본관건물(상)6-2,
21,22,1,동묘앞,E/L,내부#2,0000-943,B2(연)~BM2~B1(승),상행 10-3,
22,23,1,동묘앞,E/L,내부#3,0000-947,B2(환)~B1(승),상행 4-8,
23,24,1,동묘앞,E/L,내부#4,0000-948,B2(연)~B1(승),하행 7-3,
24,25,1,동묘앞,E/L,내부#5,0000-944,B2(환)~B1(승),하행 1-2,
25,26,1,동묘앞,E/L,외부#1,0000-945,B1(승)~BM1~지상,1-10번 출구 사이,
26,27,1,동묘앞,E/L,외부#2,0000-960,B1(승)~지상,3번 출구측,
27,28,1,신설동(1),E/L,내부#1,0083-762,B2(승)~B1(대),상행 3-4,
28,29,1,신설동(1),E/L,내부#2,0083-764,B2(승)~B1(대),하행 8-1,
29,30,1,신설동(1),E/L,외부#1,0003-532,B1(대)~지상,1번 출구측,
30,31,1,신설동(1),E/L,외부#2,0083-761,B1(대)~지상,"2,3번 출구사이",
31,32,1,신설동(1),E/L,외부#3,0083-763,B1(대)~지상,"4,5번 출구사이",
32,33,1,제기동,E/L,내부#1,0043-600,B2(승)~B1(대),상행 9-4,
33,34,1,제기동,E/L,내부#2,0027-701,B2(승)~B1(대),하행 2-1,
34,35,1,제기동,E/L,외부#1,0093-165,B1(대)~지상,1번 출구측,
35,36,1,청량리(1),E/L,외부#1,0027-702,B2(대)~지상,6번 출구측,
36,37,2,시청(2),E/L,내부#1,0042-520,B3(승)~B2대)~B1(대),섬식(외) 6-2,
37,38,2,시청(2),E/L,외부#1,0002-886,B1(대)~지상,9번 출구측,
38,39,2,을지로입구,E/L,내부#1,0003-059,B2(승)~B1(대),외선 5-3,
39,40,2,을지로입구,E/L,내부#2,0003-058,B2(승)~B1(대),내선 6-2,
40,41,2,을지로입구,E/L,외부#1,0124-101,B1(대)~지상,1번출구측,
41,42,2,을지로입구,E/L,외부#2,0104-712,B1(대)~지상,5번 출구측,
42,43,2,을지로3가(2),E/L,내부#1,0042-132,B2(승)~B1(대),외선 8-3,
43,44,2,을지로3가(2),E/L,내부#2,0042-133,B2(승)~B1(대),내선 3-2,
44,45,2,을지로4가,E/L,내부#1,0042-130,B2(승)~B1(대),외선 3-2,
45,46,2,을지로4가,E/L,내부#2,0042-131,B2(승)~B1(대),내선 8-3,
46,47,2,을지로4가,E/L,외부#1,0102-390,B1(대)~지상,8번출구,
47,48,2,동대문역사문화공원(2),E/L,내부#1,0003-055,B2(승)~B1(대),외선 8-3,
48,49,2,동대문역사문화공원(2),E/L,내부#2,0003-056,B2(승)~B1(대),내선 3-2,
49,50,2,동대문역사문화공원(2),E/L,외부#1,0039-324,B1(대)~지상,1번 출구측,
50,51,2,신당,E/L,외부#1,0004-367,B1(대)~지상,2번 출구측,
51,52,2,신당,E/L,내부#1,0103-796,B2(승)~B1(대),외선 3-4,
52,53,2,신당,E/L,내부#2,0103-797,B2(승)~B1(대),내선 7-4,
53,54,2,상왕십리,E/L,내부#1,0042-156,B2(승)~B1(대),외선 8-1,
54,55,2,상왕십리,E/L,내부#2,0042-157,B2(승)~B1(대),내선 3-4,
55,56,2,상왕십리,E/L,외부#1,0117-183,B1(대)~지상,2-3출구 사이,
56,57,2,왕십리,E/L,내부#1,0003-466,B3(승)~B2(대),외선 3-2,
57,58,2,왕십리,E/L,내부#2,0068-689,B3(승)~B2(대),내선 3-4,
58,59,2,한양대,E/L,내부#1,0042-129,F1(승)~F2(대),섬식(외) 3-3,
59,60,2,한양대,E/L,외부#1,0042-128,지상~F2(대),4번 출구(육교),
60,61,2,뚝섬,E/L,내부#1,0003-051,F2(대)~F3(승),외선 7-1,
61,62,2,뚝섬,E/L,내부#2,0003-050,F2(대)~F3(승),내선 7-1,
62,63,2,뚝섬,E/L,외부#1,0003-049,지상~F2(대),3번 출구측,
63,64,2,뚝섬,E/L,외부#2,0131-787,지상~F2(대),6번출구,
64,65,2,성수,E/L,내부#1,0074-865,F2(대)~F3(승),외선 7-1,
65,66,2,성수,E/L,내부#2,0074-866,F2(대)~F3(승),내선 4-4,
66,67,2,성수,E/L,외부#1,0039-325,지상~F1(대),1번 출구측,
67,68,2,성수,E/L,외부#2,0039-327,지상~F1(대),4번 출구측,
68,69,2,신답,E/L,내부#1,0039-326,F1(승)~F2(대),외선 2-4,
69,70,2,신답,E/L,내부#2,0104-461,F1(승)~F2(대),내선 3-2,
70,71,2(기타),신답별관,E/L,1호기,0014-917,1F~10F,신답별관,
71,72,2(기타),신답별관,E/L,2호기,0014-918,1F~10F,신답별관,
72,73,2(기타),신답별관,E/L,3호기,0014-919,1F~3F,주차장,
73,74,2(기타),신답별관,E/L,4호기,0014-920,1F~3F,주차장,
74,75,2,용두,E/L,내부#1,0054-021,B2(승)~B1(대),외선 1-1,
75,76,2,용두,E/L,내부#2,0054-022,B2(승)~B1(대),내선 4-3,
76,77,2,용두,E/L,외부#1,0054-023,B1(대)~지상,3번 출구측,
77,78,2,용두,E/L,외부#2,0054-024,B1(대)~지상,4번 출구측,
78,79,2(기타),인재개발원,E/L,1호기,0069-781,B1~7,교육동,
79,80,2(기타),인재개발원,E/L,2호기,0069-782,B1~7,교육동,
80,81,2(기타),인재개발원,E/L,3호기,0069-783,B1~7,교육동,
81,82,2(기타),인재개발원,E/L,4호기,0069-784,B1~5,복지동,
82,83,2(기타),인재개발원,E/L,5호기,0069-785,B1~5,복지동,
83,84,2(기타),인재개발원,E/L,1호기,1901-974,1~2,복지동(식당내),
84,85,2,신설동(2),E/L,내부#1,0027-703,B2(승)~B1(대),섬식(외) 4-3,
85,86,2,신설동(2),E/L,외부#1,0044-516,B1(대)~지상,9번 출구측,
86,87,2,건대입구,E/L,내부#1,0108-564,2(대)~3(승),섬식(외)5-4,
87,88,2,건대입구,E/L,외부#1,0095-448,지상~F2(대)~F3(승),7-3 ~6번 출구측,
88,89,2,구의,E/L,내부#1,0028-196,F2(대)~F3(승),섬식(외)4-3,
89,90,2,구의,E/L,외부#1,0028-197,지상~F2(대)~F3(승),7-2 ~ 2번 출구측,
90,91,2,강변,E/L,내부#1,0093-166,F1(대)~F2(승),외선 4-2,
91,92,2,강변,E/L,내부#2,0093-167,F1(대)~F2(승),내선 7-3,
92,93,2,잠실나루,E/L,내부#1,0012-789,F1(대)~F2(승),외선 3-4,
93,94,2,잠실나루,E/L,내부#2,0012-790,F1(대)~F2(승),내선 8-1,
94,95,2,잠실,E/L,내부#1,0007-841,B2(승)~B1(대),외선 5-2,
95,96,2,잠실,E/L,내부#2,0007-842,B2(승)~B1(대),내선 6-3,
96,97,2,잠실,E/L,외부#1,0065-637,B1(상가)~지상,6번 출구측,
97,98,2,잠실,E/L,외부#2,0089-517,B1(대)~지상,"1,2번출구측",
98,99,2,잠실새내,E/L,내부#1,0008-945,B2(승)~B1(대),외선 7-3,
99,100,2,잠실새내,E/L,내부#2,0008-946,B2(승)~B1(대),내선 4-1,
100,101,2,잠실새내,E/L,외부#1,0075-476,B1(대)~지상,7번 출구측,
101,102,2,잠실새내,E/L,외부#2,0008-670,B1(대)~지상,2번 출구측,
102,103,2,종합운동장,E/L,내부#1,0008-146,B2(승)~B1(대),외선 2-4,
103,104,2,종합운동장,E/L,내부#2,0008-147,B2(승)~B1(대),내선 8-4,
104,105,2,종합운동장,E/L,외부#1,0008-148,B1(대)~지상,6번 출구측,
105,106,2,삼성,E/L,내부#1,0007-844,B2(승)~B1(대),섬식(외) 3-1,
106,107,2,삼성,E/L,외부#1,0007-843,B1(대)~지상,1번 출구측,
107,108,2,삼성,E/L,외부#2,0014-060,B1(대)~지상,6번 출구측,
108,109,2,삼성,E/L,외부#3,0075-477,B1(대)~지상,8번 출구측,
109,110,2,삼성,E/L,외부#4,0105-289,B1(대)~지상,4번 출구측,
110,111,2,선릉,E/L,외부#1,0066-856,B1(대)~지상,1번 출구측,
111,112,2,선릉,E/L,외부#2,0105-099,B1(대)~지상,5번 출구측,
112,113,2,선릉,E/L,외부#3,0072-904,B1(대)~지상,10번 출구측,
113,114,2,역삼,E/L,내부#1,0075-561,B2(승)~B1(대),외선 7-3,
114,115,2,역삼,E/L,내부#2,0075-562,B2(승)~B1(대),내선 4-1,
115,116,2,역삼,E/L,외부#1,0065-638,B1(대)~지상,3번 출구측,
116,117,2,역삼,E/L,외부#2,0075-563,B1(대)~지상,4번 출구측,
117,118,2,강남,E/L,내부#1,0087-544,B2(승)~B1(대),외선 8-1,
118,119,2,강남,E/L,내부#2,0087-545,B2(승)~B1(대),내선 3-4,
119,120,2,강남,E/L,외부#1,0087-546,B1(상가)~지상,1번 출구측,
120,121,2,강남,E/L,외부#2,0087-547,B1(상가)~지상,10번 출구측,
121,122,2,교대(2),E/L,내부#1,0008-151,B2(승)~B1(대),외선 8-4,
122,123,2,교대(2),E/L,내부#2,0008-152,B2(승)~B1(대),내선 3-1,
123,124,2,교대(2),E/L,외부#1,0046-583,B1(대)~지상,5번 출구측,
124,125,2,서초,E/L,내부#1,0008-943,B2(승)~B1(대),외선 2-4,
125,126,2,서초,E/L,내부#2,0008-944,B2(승)~B1(대),내선 9-1,
126,127,2,서초,E/L,외부#1,0075-478,B1(대)~지상,1번 출구측,
127,128,2,서초,E/L,외부#2,0072-667,B1(대)~지상, 4번출구 ,
128,129,2,방배,E/L,내부#1,0008-947,B2(승)~B1(대),외선 8-3,
129,130,2,방배,E/L,내부#2,0008-948,B2(승)~B1(대),내선 3-1,
130,131,2,방배,E/L,외부#1,0046-582,B1(대)~지상,3번 출구측,
131,132,2,사당(2),E/L,내부#1,0091-437,B2(승)~B1(대),섬식(외)4-4,
132,133,2,사당(2),E/L,외부#1,0091-438,B1(대)~지상,14번 출구측,
133,134,2,사당(2),E/L,외부#2,0098-381,B1(대)~지상,6번 출구측,
134,135,2,낙성대,E/L,내부#1,0020-064,B2(승)~B1(대),외선 8-2,
135,136,2,낙성대,E/L,내부#2,0020-065,B2(승)~B1(대),내선 3-3,
136,137,2,낙성대,E/L,외부#1,0020-066,B1(대)~지상,6번 출구측,
137,138,2,서울대입구,E/L,내부#1,0020-839,B2(승)~B1(대),섬식(외)6-3,
138,139,2,서울대입구,E/L,외부#1,0110-204,B1(대)~지상,6번 출구측,
139,140,2,서울대입구,E/L,외부#2,0114-806,B1(대)~지상,2번 출구측,
140,141,2,봉천,E/L,내부#1,0060-936,B2(승)~B1(대),섬식(외)6-3,
141,142,2,봉천,E/L,외부#1,0060-937,B1(대)~지상,4번 출구측,
142,143,2,신림,E/L,내부#1,0019-759,B2(승)~B1(대),섬식(외) 4-4,
143,144,2,신림,E/L,외부#1,0019-760,B1(대)~지상,1번 출구측,
144,145,2,신림,E/L,외부#2,0092-886,B1(대)~지상,5번 출구측,
145,146,2,신대방,E/L,내부#1,0020-955,F2(대)~F3(승),외선 3-4,
146,147,2,신대방,E/L,내부#2,0020-956,F2(대)~F3(승),내선 8-1,
147,148,2,신대방,E/L,외부#1,0020-957,지상~F2(대),1번 출구측,
148,149,2,구로디지털단지,E/L,내부#1,0019-757,지상~F2(대),외선 3-4,
149,150,2,구로디지털단지,E/L,내부#2,0019-758,F2(대)~F3(승),내선 7-4,
150,151,2,구로디지털단지,E/L,외부#1,0019-756,F2(대)~F3(승),6번출구,
151,152,2,대림,E/L,외부#1,0107-009,지상~F2(대),7번 출구측(육교),
152,153,2,대림,E/L,외부#2,0060-929,지상~F2(대),4번 출구측(육교),
153,154,2,대림,E/L,내부1,0060-928,F2(대)~F3(승),외선 3-2,
154,155,2,대림,E/L,내부2,0060-927,F2(대)~F3(승),내선 8-3,
155,156,2(기타),대림별관,E/L,1,0092-247,1F~7F,대림별관 입구측,
156,157,2(기타),대림별관,E/L,2,0092-248,B2~7F,대림별관 출구측,
157,158,2(기타),대림별관,E/L,3,0092-249,1F~7F,대림별관 출구측,
158,159,2,신도림,E/L,내부#1,0085-969,B2(승)~B1(대),섬식 3-2,
159,160,2,신도림,E/L,내부#2,0098-197,B2(승)~B1(대),섬식 4-4,
160,161,2,신도림,E/L,외부#1,0109-522,B1(대)~F1~F2,1번 출입구,
161,162,2,신도림,E/L,외부#2,0098-196,B1(대)~지상,2번 출구측,
162,163,2,도림천,E/L,내부#1,0022-597,B3(승)~B2(대),섬식(지) 4-4,
163,164,2,도림천,E/L,외부#1,0022-596,B3(승)~B2(대)~B1(대),1~2번 출구사이,
164,165,2,양천구청,E/L,내부#1,0020-959,B2(승)~B1(대),외선 4-1,
165,166,2,양천구청,E/L,내부#2,0020-960,B2(승)~B1(대),내선 3-3,
166,167,2,양천구청,E/L,외부#1,0020-958,B1(대)~지상,1번 출구측,
167,168,2(기타),신정차량기지,E/L,1,0029-268,F1~5,관리동,
168,169,2(기타),신정차량기지,E/L,2,0029-269,F1~5,관리동,
169,170,2(기타),신정차량기지,E/L,3,0062-174,F1~5,토목동,
170,171,2(기타),신정차량기지,E/L,4,0062-078,F1~3,정비동,
171,172,2(기타),신정차량기지,E/L,5,0062-173,F1~3,정비동,
172,173,2(기타),신정차량기지,E/L,6,1902-759,F1~5,관리동,
173,174,2,신정네거리,E/L,내부#1,0060-930,B3(승)~B2(대),외선 4-1,
174,175,2,신정네거리,E/L,내부#2,0060-931,B3(승)~B2(대),내선 3-4,
175,176,2,신정네거리,E/L,외부#1,0060-932,B2(대)~지상,2번 ~3번출구측,
176,177,2,문래,E/L,내부#1,0021-258,B2(승)~B1(대),외선 7-4,
177,178,2,문래,E/L,내부#2,0021-259,B2(승)~B1(대),내선 4-1,
178,179,2,문래,E/L,외부#1,0107-085,B1(대)~지상,5번 출구,
179,180,2,문래,E/L,외부#2,0133-667,B1(대)~지상,1번출구,
180,181,2,영등포구청,E/L,내부#1,0021-255,B2(승)~B1(대),외선 8-4,
181,182,2,영등포구청,E/L,내부#2,0021-256,B2(승)~B1(대),내선 3-1,
182,183,2,영등포구청,E/L,외부#1,0021-254,B1(대)~지상,2번 출구측,
183,184,2,당산,E/L,내부#1,0020-068,F2(대)~F3(승),외선 8-3,
184,185,2,당산,E/L,내부#2,0020-069,F2(대)~F3(승),내선 3-2,
185,186,2,당산,E/L,외부#1,0020-067,지상~F2(대),4번 출구측,
186,187,2,합정,E/L,내부#1,0073-427,B2(승)~B1(대),외선 4-1,
187,188,2,합정,E/L,내부#2,0042-092,B2(승)~B1(대),내선 7-3,
188,189,2,합정,E/L,외부#1,0103-758,B1(대)~지상,1번 출구측,
189,190,2,합정,E/L,외부#2,0073-978,B1(대)~지상,4번 출구측,
190,191,2,홍대입구,E/L,내부#1,0102-349,B2(승)~B1(대),섬식(외)7-2,
191,192,2,홍대입구,E/L,외부#1,0102-350,B1(대)~지상,8번 출구측,
192,193,2,신촌,E/L,내부#1,0102-373,B2(승)~B1(대),외선 8-4,
193,194,2,신촌,E/L,내부#2,0102-374,B2(승)~B1(대),내선 4-4,
194,195,2,신촌,E/L,외부#1,0039-954,B1(대)~지상,4번 출구측,
195,196,2,신촌,E/L,외부#2,0127-889,B1(대)~지상,6번출구,
196,197,2,이대,E/L,내부#1,0102-372,B2(승)~B1(대),섬식(외) 2-2,
197,198,2,이대,E/L,외부#1,0042-093,B1(대)~지상,6번 출구측,
198,199,2,아현,E/L,내부#1,0102-369,B2(승)~B1(대),외선 7-2,
199,200,2,아현,E/L,내부#2,0102-370,B2(승)~B1(대),내선 4-3,
200,201,2,아현,E/L,외부#1,0042-109,B1(대)~지상,3번 출구측,
201,202,2,아현,E/L,외부#2,0129-011,B1(대)~지상,1번 출구측,
202,203,2,충정로,E/L,내부#1,0039-953,B3(승)~B2(대),섬식(외) 2-1,
203,204,2,충정로,E/L,외부#1,0105-868,B2(대)~지상,5번 출구측,
204,205,3,지축,E/L,내부#1,2040-730,1F(대)~2F(승),섬식(상) 2-1,
205,206,3,구파발,E/L,내부#1,0081-259,B2(승)~B1(대),섬식(상) 5-3,
206,207,3,구파발,E/L,외부#1,0081-260,B1(대)~지상,1번 출구측,
207,208,3,연신내,E/L,내부#1,0102-345,B2(승)~B1(대),섬식(상) 6-1,
208,209,3,불광,E/L,내부#1,0039-994,B2(승)~B1(대),상행 3-3,
209,210,3,불광,E/L,내부#2,0002-833,B2(승)~B1(대),하행 8-2,
210,211,3,불광,E/L,외부#1,0102-055,B1(대)~지상,1번 출구측,
211,212,3,녹번,E/L,내부#1,0102-399,B2(승)~B1(대),섬식(상) 3-1,
212,213,3,녹번,E/L,외부#1,0080-695,B1(대)~지상,3번 출구측,
213,214,3,녹번,E/L,외부#2,0127-909,B1(대)~지상,1번출구,
214,215,3,홍제,E/L,내부#1,0102-346,B3(승)~B2(대),섬식(상) 3-4,
215,216,3,홍제,E/L,외부#1,0039-995,B2(대)~지상,4번 출구측,
216,217,3,홍제,E/L,외부#2,0073-438,B1(대)~지상,1번 출구측,
217,218,3,무악재,E/L,내부#1,0082-061,B3(승)~B2(대),상행 3-3,
218,219,3,무악재,E/L,내부#2,0082-062,B3(승)~B2(대),하행 8-2,
219,220,3,무악재,E/L,외부#1,0082-063,B2(대)~지상,1번 출구측,
220,221,3,독립문,E/L,내부#1,0039-996,B3(승)~B2(대),섬식(상) 9-1,
221,222,3,독립문,E/L,외부#1,0102-347,B2(대)~지상,4번 출구측,
222,223,3,경복궁,E/L,내부#1,0000-388,B3(승)~B2(대),섬식(상) 6-2,
223,224,3,경복궁,E/L,외부#1,0000-719,B2(대)~지상,4번 출구측,
224,225,3,안국,E/L,내부#1,0000-591,B3(승)~B2(대),섬식(상) 3-2,
225,226,3,안국,E/L,외부#1,0000-592,B2(대)~지상,6번 출구측,
226,227,3,종로3가(3),E/L,내부#1,0125-744,대합실 ⇔ 승강장,"지축방향 4-3, 오금방향 7-1",
227,228,3,종로3가(3),E/L,외부#1,0125-743,대합실 ⇔ 8번출구,8번출구,
228,229,3,을지로3가(3),E/L,내부#1,0040-427,B3(승)~B2(대)~B1(대),섬식(상) 6-3,
229,230,3,을지로3가(3),E/L,외부#1,0040-428,B1(대)~지상,10번 출구측,
230,231,3,동대입구,E/L,내부#1,0003-046,B3(승)~B2(대),섬식(상) 3-3,
231,232,3,동대입구,E/L,내부#2,0118-605,B2(대)~B1(대),,
232,233,3,동대입구,E/L,외부#1,0102-299,B2(대)~지상,6번 출구측,
233,234,3,약수,E/L,내부#1,0102-482,B2(승)~B1(대),섬식(상) 8-4,
234,235,3,약수,E/L,외부#1,0073-377,B1(대)~지상,3번 출구측,
235,236,3,금호,E/L,내부#1,0102-309,B2(승)~B1(대),섬식(상) 3-2,
236,237,3,금호,E/L,외부#1,0041-329,B1(대)~지상,2번 출구측,
237,238,3,금호,E/L,외부#2,0145-645,B1(대)~지상,3번 출구측,
238,239,3,옥수,E/L,내부#1,0074-036,F2(대)~F3(승),상행 10-1,
239,240,3,옥수,E/L,내부#2,0074-037,F2(대)~F3(승),하행 1-2,
240,241,3,옥수,E/L,외부#1,0040-429,지상~F2(대),4-5번출구 사이,
241,242,3,압구정,E/L,내부#1,0033-201,B2(승)~B1(대),상행 8-2,
242,243,3,압구정,E/L,내부#2,0033-202,B2(승)~B1(대),하행 3-2,
243,244,3,압구정,E/L,외부#1,0137-278,B1(대)~지상,3번 출구측,
244,245,3,압구정,E/L,외부#2,0108-323,B1(대)~지상,2번 출구측,
245,246,3,신사,E/L,내부#1,0049-398,B2(승)~B1(대),상행 3-1,
246,247,3,신사,E/L,내부#2,0049-407,B2(승)~B1(대),하행 8-3,
247,248,3,신사,E/L,외부#1,0099-799,B1(대)~지상,1번 출구측,
248,249,3,신사,E/L,외부#2,0110-416,B1(대)~지상,8번 출구측,
249,250,3,잠원,E/L,내부#1,0033-321,B2(승)~B1(대),상행 3-3,
250,251,3,잠원,E/L,내부#2,0035-271,B2(승)~B1(대),하행 8-2,
251,252,3,잠원,E/L,외부#1,0033-320,B1(대)~지상,1번 출구측,
252,253,3,고속터미널,E/L,내부#1,0033-322,B3(승)~B2(대),상행 8-2,
253,254,3,고속터미널,E/L,내부#2,0033-323,B3(승)~B2(대),하행 3-3,
254,255,3,교대(3),E/L,내부#1,0035-270,B3(승)~B2(대)~B1(대),섬식(상) 4-2,
255,256,3,남부터미널,E/L,내부#1,0101-445,B3(승)~B2(대),상행 3-2,
256,257,3,남부터미널,E/L,내부#2,0101-446,B3(승)~B2(대),하행 8-2,
257,258,3,남부터미널,E/L,외부#1,0093-684,B2(대)~지상,5번 출구측,
258,259,3,양재,E/L,내부#1,0099-778,B2(승)~B1(대),상행 3-1,
259,260,3,양재,E/L,내부#2,0099-779,B2(승)~B1(대),하행 8-4,
260,261,3,양재,E/L,외부#1,0110-414,B1(대)~지상,4번 출구측,
261,262,3,양재,E/L,외부#2,0099-776,B1(대)~지상,11번 출구측,
262,263,3,매봉,E/L,내부#1,0033-324,B2(승)~B1(대),상행 5-4,
263,264,3,매봉,E/L,내부#2,0033-325,B2(승)~B1(대),하행 6-1,
264,265,3,매봉,E/L,외부#1,0035-269,B1(대)~지상,1번 출구측,
265,266,3,대치,E/L,내부#1,0033-207,B4(승)~B2(대)~B1(대),섬식(상) 1-1,
266,267,3,대치,E/L,외부#1,0099-954,B1(대)~지상,7번 출구측,
267,268,3,학여울,E/L,내부#1,0033-368,B5(승)~B4(대),상행 5-4,
268,269,3,학여울,E/L,내부#2,0033-369,B5(승)~B4(대),하행 6-1,
269,270,3,학여울,E/L,외부#1,0105-142,B4(대)~B2(대)~B1(대)~지상,1번 출구측,
270,271,3,대청,E/L,내부#1,0035-268,B3(승)~B2(대),상행 4-4,
271,272,3,대청,E/L,내부#2,0035-267,B3(승)~B2(대),하행 7-1,
272,273,3,대청,E/L,외부#1,0035-266,B2(대)~지상,8번 출구측,
273,274,3,일원,E/L,내부#1,0035-326,B3(승)~B2(대),상행 6-3,
274,275,3,일원,E/L,내부#2,0035-327,B3(승)~B2(대),하행 5-2,
275,276,3,일원,E/L,외부#2,0125-974,B2(대)~지상,1번 출구측,
276,277,3,일원,E/L,외부#3,0125-975,B2(대)~지상,1번 출구측,
277,278,3,수서,E/L,내부#1,0033-206,B2(승)~B1(대),상행 8-3,
278,279,3,수서,E/L,내부#2,0033-205,B2(승)~B1(대),하행 3-2,
279,280,3,수서,E/L,외부#1,0033-203,B1(대)~지상,1번 출구측,
280,281,3,수서,E/L,외부#2,0115-093,B1(대)~지상,5번출구,
281,282,3,가락시장,E/L,내부#1,0100-025,B4(승)~B2(대),상행 8-2,
282,283,3,가락시장,E/L,내부#2,0100-026,B4(승)~B2(대),하행 3-2,
283,284,3,가락시장,E/L,외부#1,0100-027,B2(대)~지상,7번 출구측,
284,285,3,경찰병원,E/L,내부#1,0099-889,B3(승)~B1(대),상행 4-2,
285,286,3,경찰병원,E/L,내부#2,0099-890,B3(승)~B1(대),하행 7-3,
286,287,3,경찰병원,E/L,외부#1,0099-887,B1(대)~지상,1번 출구측,
287,288,3,경찰병원,E/L,외부#2,0099-888,B1(대)~지상,3번 출구측,
288,289,3,오금,E/L,내부#1,0099-955,B4(승)~B1(대),상행 5-1,
289,290,3,오금,E/L,내부#2,0099-956,B4(승)~B1(대),하행 6-4,
290,291,3,오금,E/L,외부#1,0099-957,B1(대)~지상,1번 출구측,
291,292,4,당고개,E/L,내부#1,0085-251,F2(대)~F3(승),상행 6-1,
292,293,4,당고개,E/L,내부#2,0085-252,F2(대)~F3(승),하행 5-4,
293,294,4,당고개,E/L,외부#1,0085-253,지상~F2(대),1-4번 출구사이,
294,295,4,상계,E/L,외부#1,0085-254,F1(지상)~F2(대),1-2번 출구측,
295,296,4,노원,E/L,내부#1,0085-261,F2(대)~F3(승),상행 8-4,
296,297,4,노원,E/L,내부#2,0085-262,F2(대)~F3(승),하행 3-1,
297,298,4,노원,E/L,외부#1,0095-391,지상~F2(대),2번 출구측,
298,299,4,노원,E/L,외부#2,0086-473,지상~F2(대),9번 출구측,
299,300,4,창동,E/L,내부#1,0125-524,F2(대)~F3(승),상행(당고개방향) 2-4,
300,301,4,창동,E/L,내부#2,0125-527,F2(대)~F3(승),"상행(당고개방향) 8-2, 8-3",
301,302,4,창동,E/L,내부#3,0125-526,F2(대)~F3(승),"하행(남태령방향) 8-4, 9-1",
302,303,4,창동,E/L,내부#4,0125-525,F2(대)~F3(승),하행(남태령방향) 3-2,
303,304,4,창동,E/L,외부#1,0028-004,지상~F2(대),1번 출구측,
304,305,4,창동,E/L,외부#2,0028-005,지상~F2(대),2번 출구측,
305,306,4,쌍문,E/L,내부#1,0085-219,B2(승)~B1(대),상행 8-4,
306,307,4,쌍문,E/L,내부#2,0085-220,B2(승)~B1(대),하행 3-1,
307,308,4,쌍문,E/L,외부#1,0028-002,B1(대)~지상,1번 출구측,
308,309,4,수유,E/L,내부#1,0085-196,B2(승)~B1(대),상행 7-1,
309,310,4,수유,E/L,내부#2,0085-197,B2(승)~B1(대),하행 4-4,
310,311,4,수유,E/L,외부#1,0019-375,B1(대)~지상,1-2번 출구사이,
311,312,4,미아,E/L,내부#1,0085-194,B2(승)~B1(대),상행 8-2,
312,313,4,미아,E/L,내부#2,0085-195,B2(승)~B1(대),하행 3-4,
313,314,4,미아,E/L,외부#1,0019-374,B1(대)~지상,1-2번 출구사이,
314,315,4,미아사거리,E/L,내부#1,0019-373,B2(승)~B1(대),상행 3-1,
315,316,4,미아사거리,E/L,내부#2,0019-372,B2(승)~B1(대),하행 8-3,
316,317,4,길음,E/L,내부#1,0055-620,B2(승)~B1(대),섬식(상)6-1,
317,318,4,길음,E/L,외부#1,0055-621,B1(대)~지상,5번 출구측,
318,319,4,길음,E/L,외부#2,0028-290,B1(대)~지상,3-4번 출구사이,
319,320,4,성신여대입구,E/L,내부#1,0055-622,B2(승)~B1(대),상행 8-2,
320,321,4,성신여대입구,E/L,내부#2,0055-623,B2(승)~B1(대),하행 3-4,
321,322,4,성신여대입구,E/L,외부#1,0056-491,B1(대)~지상,2번 출구측,
322,323,4,성신여대입구,E/L,외부#2,0028-003,B1(대)~지상,3번 출구측,
323,324,4,한성대입구,E/L,내부#1,0055-618,B2(승)~B1(대),섬식(상)6-1,
324,325,4,한성대입구,E/L,외부#1,0055-619,B1(대)~지상,3-4번 출구사이,
325,326,4,한성대입구,E/L,외부#2,0095-380,B1(대)~지상,5번 출구측,
326,327,4,혜화,E/L,내부#1,0000-911,B2(승)~B1(대),상행 7-4,
327,328,4,혜화,E/L,내부#2,0000-910,B2(승)~B1(대),하행 3-4,
328,329,4,혜화,E/L,외부#1,0000-908,B1(대)~지상,2번 출구측,
329,330,4,혜화,E/L,외부#2,0000-909,B1(대)~지상,3번 출구측,
330,331,4,동대문(4),E/L,내부#1,0000-523,B4(승)~B1(대),섬식(상)6-3,
331,332,4,동대문(4),E/L,외부#1,0000-524,B1(대)~지상,9번 출구측,
332,333,4,동대문역사문화공원(4),E/L,내부#1,0039-975,B3(승)~B1(대),섬식(상)4-4,
333,334,4(기타),동대문별관,E/L,1,0038-528,B3~11,동대문별관,
334,335,4(기타),동대문별관,E/L,2,0038-529,B4~11,동대문별관,
335,336,4(기타),동대문별관,E/L,3,0038-530,B4~11,동대문별관,
336,337,4,충무로(4),E/L,내부#1,0003-715,B3(승)~B1(대),상행 8-1,
337,338,4,충무로(4),E/L,내부#2,0003-714,B3(승)~B1(대),하행 3-3,
338,339,4,충무로(4),E/L,외부#1,0040-481,B1(대)~지상,7번 출구,
339,340,4,명동,E/L,외부#1,0111-744,B1(대)~지상,1번출구,
340,341,4,회현,E/L,내부#1,0003-716,B4(승)~B2(대)~B1(대),섬식(상)10-1,
341,342,4,회현,E/L,외부#1,0120-838,B1(대)~지상,지상도로 중앙,
342,343,4,서울(4),E/L,내부#1,0003-773,B2(승)~B1(대),섬식(상) 9-1,
343,344,4,서울(4),E/L,외부#1,0040-482,B1(대)~지상,12번 출구,
344,345,4,숙대입구,E/L,내부#1,0003-771,B2(승)~B1(대),상행 8-1,
345,346,4,숙대입구,E/L,내부#2,0003-772,B2(승)~B1(대),하행 3-3,
346,347,4,숙대입구,E/L,외부#1,0102-480,B1(대)~지상,10번 출구,
347,348,4,삼각지,E/L,내부#1,0051-245,B2(승)~B1(대),상행 4-3,
348,349,4,삼각지,E/L,내부#2,0051-246,B2(승)~B1(대),하행 7-2,
349,350,4,삼각지,E/L,외부#1,0073-386,B1(대)~지상,1-2번 출구 사이,
350,351,4,삼각지,E/L,외부#2,0073-707,B1(대)~지상,5-6번 출구 사이,
351,352,4,삼각지,E/L,외부#3,0136-819,B1(대)~지상,3번출구,
352,353,4,신용산,E/L,내부#1,0102-379,B1(승)~B2(대),상행 8-2,
353,354,4,신용산,E/L,내부#2,0102-380,B1(승)~B2(대),하행 3-2,
354,355,4,신용산,E/L,외부#1,0127-849,B2(승)~지상,1번출구,
355,356,4,신용산,E/L,외부#2,0120-390,B1(대)~지상,4번출구,
356,357,4,이촌,E/L,내부#1,0003-769,B2(승)~B1(대),상행 8-1,
357,358,4,이촌,E/L,내부#2,0003-770,B2(승)~B1(대),하행 3-3,
358,359,4,이촌,E/L,외부#1,0102-381,B1(승)~지상,1번 출구측,
359,360,4,이촌,E/L,외부#2,0084-010,B1(승)~지상,2번 출구측,
360,361,4,동작,E/L,내부#1,0097-625,F2(대)~F3(승),상행 7-4,
361,362,4,동작,E/L,내부#2,0031-516,F1(대)~F2(대)~F3(승),하행 4-4,
362,363,4,총신대입구,E/L,내부#1,0031-512,B2(승)~B1(대),상행 7-3,
363,364,4,총신대입구,E/L,내부#2,0031-513,B2(승)~B1(대),하행 8-3,
364,365,4,총신대입구,E/L,외부#1,0110-215,B1(대)~지상,1번 출구측,
365,366,4,총신대입구,E/L,외부#2,0031-515,B1(대)~지상,14번 출구측,
366,367,4,사당(4),E/L,내부#1,0097-112,B3(승)~B2(대)~B1(대),섬식(상)09-2,
367,368,4,사당(4),E/L,외부#1,0031-517,B1(대)~지상,9-10번출구사이,
368,369,4(기타),사당별관,E/L,1,0099-378,B1(승)~F6(대),사당 별관,
369,370,4(기타),사당별관,E/L,2,0099-379,B1(승)~F7(대),사당 별관,
370,371,4(기타),사당별관,E/L,3,0099-380,B1(승)~F7(대),사당 별관,
371,372,4,남태령,E/L,내부#1,0099-926,B3(대)~B2(대),섬식(상) 3-3,
372,373,4,남태령,E/L,내부#2,0099-927,B2(대)~B1(대),1번 출구측,
373,374,4,남태령,E/L,외부#1,0099-928,B1(대)~지상,2번 출구측,
374,375,5,방화,E/L,1,0097-206,B1-B2,내부,
375,376,5,방화,E/L,2,0097-207,B1-B2,내부,
376,377,5,방화,E/L,3,0031-396,F1-B1,외부,
377,378,5,개화산,E/L,1,0059-336,F1-B2,외부,
378,379,5,개화산,E/L,2,0059-337,F1-B2,외부,
379,380,5,김포공항,E/L,1,0091-364,B2-B3,내부,
380,381,5,김포공항,E/L,2,0091-365,B2-B3,내부,
381,382,5,김포공항,E/L,3,0059-576,F1-B1,외부,
382,383,5,송정,E/L,1,0097-632,B2-B3,내부,
383,384,5,송정,E/L,2,0097-633,B2-B3,내부,
384,385,5,송정,E/L,3,0097-634,F1-B2,외부,
385,386,5,송정,E/L,4,0097-635,F1-B1,외부,
386,387,5,마곡,E/L,1,0059-348,B1-B2,내부,
387,388,5,마곡,E/L,2,0059-349,B1-B2,내부,
388,389,5,마곡,E/L,3,0059-350,F1-B1,외부,
389,390,5,마곡,E/L,4,0115-890,F1-B1,외부,
390,391,5,마곡,E/L,5,0144-531,F1-B1,외부,
391,392,5,마곡,E/L,6,0144-546,F1-B1,외부,
392,393,5,발산,E/L,1,0097-201,B1-B2,내부,
393,394,5,발산,E/L,2,0097-202,B1-B2,내부,
394,395,5,발산,E/L,3,0097-203,F1-B1,외부,
395,396,5,우장산,E/L,1,0059-338,B1-B2,내부,
396,397,5,우장산,E/L,2,0059-339,B1-B2,내부,
397,398,5,우장산,E/L,3,0059-340,F1-B1,외부,
398,399,5,화곡,E/L,1,0073-248,B1-B2,내부,
399,400,5,화곡,E/L,2,0031-395,F1-B1,외부,
400,401,5,까치산,E/L,1,0061-703,B1-B4,내부,
401,402,5,신정,E/L,1,0097-211,B2-B3,내부,
402,403,5,신정,E/L,2,0097-212,B2-B3,내부,
403,404,5,목동,E/L,1,0059-308,B1-B2,내부,
404,405,5,목동,E/L,2,0059-309,B1-B2,내부,
405,406,5,목동,E/L,3,0031-394,F1-B1,외부,
406,407,5,오목교,E/L,1,0059-198,B1-B3,내부,
407,408,5,오목교,E/L,2,0058-164,B1-B3,내부,
408,409,5,오목교,E/L,3,0059-199,F1-B1,외부,
409,410,5,양평,E/L,1,0059-371,B1-B5,내부,
410,411,5,양평,E/L,2,0059-372,B4-B5,내부,
411,412,5,양평,E/L,3,0097-663,F1-B1,외부,
412,413,5,영등포구청,E/L,1,0097-661,F1-B5,외부,
413,414,5,영등포구청,E/L,2,0097-662,B4-B5,내부,
414,415,5,영등포구청,E/L,3,0109-790,B4-B5,내부,
415,416,5,영등포구청,E/L,4,0149-121,B4-B5,내부,
416,417,5,영등포시장,E/L,1,0059-374,B5-B6,내부,
417,418,5,영등포시장,E/L,2,0059-373,B1-B6,내부,
418,419,5,영등포시장,E/L,3,0148-101,B1-F1,내부,
419,420,5,신길,E/L,1,0031-300,B3-B4,내부,
420,421,5,신길,E/L,2,0031-312,B3-B4,내부,
421,422,5,신길,E/L,3,0031-311,F1-B2,외부,
422,423,5,신길,E/L,4,0109-789,B3-B4,내부,
423,424,5,신길,E/L,5,0140-313,B3-B4,내부,
424,425,5,신길,E/L,6,0143-173,B1-B3,내부,
425,426,5,여의도,E/L,1,0058-165,B1-B4,내부,
426,427,5,여의도,E/L,2,0021-285,B1-B4,내부,
427,428,5,여의나루,E/L,1,0097-671,B1-B5,내부,
428,429,5,여의나루,E/L,2,0097-673,BM1-B1,내부,
429,430,5,여의나루,E/L,3,0097-672,F1-BM1,외부,
430,431,5,마포,E/L,1,0040-716,B1-B5,내부,
431,432,5,마포,E/L,2,0040-717,F1-B1,외부,
432,433,5,공덕,E/L,1,0102-136,B1-B3,내부,
433,434,5,공덕,E/L,2,0102-137,F1-B1,외부,
434,435,5,애오개,E/L,1,0102-183,B3-B4,내부,
435,436,5,애오개,E/L,2,0102-184,B3-B4,내부,
436,437,5,애오개,E/L,3,0102-185,B1-B3,내부,
437,438,5,애오개,E/L,4,0040-267,F1-B1,외부,
438,439,5,애오개,E/L,5,0051-370,F1-B1,외부,
439,440,5,충정로,E/L,1,0040-426,B1-B5,내부,
440,441,5,충정로,E/L,2,0102-186,F1-B1,외부,
441,442,5,서대문,E/L,1,0000-441,B1-B4,내부,
442,443,5,서대문,E/L,2,0000-442,F1-B1,외부,
443,444,5,서대문,E/L,3,0000-443,F1-BM1,외부,
444,445,5,광화문,E/L,1,0000-732,F1-B2,외부,
445,446,5,광화문,E/L,2,0139-079,B2-B4,내부,
446,447,5,종로3가,E/L,1,0114-148,B1-B4,내부,
447,448,5,을지로4가,E/L,1,0113-923,B1-B5,내부,
448,449,5,동대문역사문화공원,E/L,1,0103-496,B1-B4,내부,
449,450,5,동대문역사문화공원,E/L,2,0113-922,B1-B5,내부,
450,451,5,신금호,E/L,1,0102-334,B2-B8,내부,
451,452,5,신금호,E/L,2,0102-335,B2-B8,내부,
452,453,5,신금호,E/L,3,0102-619,F1-B2,외부,
453,454,5,행당,E/L,1,0103-811,B3-B5,내부,
454,455,5,행당,E/L,2,0103-812,B4-B5,내부,
455,456,5,행당,E/L,3,0040-489,F1-B3,외부,
456,457,5,왕십리,E/L,1,2133-670,F1-B4,외부,
457,458,5,왕십리,E/L,2,0103-813,B4-B5,내부,
458,459,5,왕십리,E/L,3,0103-814,B4-B5,내부,
459,460,5,마장,E/L,1,0103-825,B2-B3,내부,
460,461,5,마장,E/L,2,0103-826,B2-B3,내부,
461,462,5,마장,E/L,3,0124-543,B2-1F,외부,
462,463,5,답십리,E/L,1,0104-440,B2-B3,내부,
463,464,5,답십리,E/L,2,0104-441,B2-B3,내부,
464,465,5,답십리,E/L,3,0039-063,F1-B2,외부,
465,466,5,답십리,E/L,4,0104-442,F1-B2,외부,
466,467,5,장한평,E/L,1,0028-329,B2-B3,내부,
467,468,5,장한평,E/L,2,0028-330,F1-B2,외부,
468,469,5,장한평,E/L,3,0084-228,F1-B2,외부,
469,470,5,군자,E/L,1,0028-991,B1-B3,내부,
470,471,5,군자,E/L,2,0028-260,B1-B3,내부,
471,472,5,군자,E/L,3,0094-110,F1-B1,외부,
472,473,5,아차산,E/L,1,0027-016,B1-B3,내부,
473,474,5,아차산,E/L,2,0028-339,B1-B3,내부,
474,475,5,아차산,E/L,3,0094-109,F1-B1,외부,
475,476,5,광나루,E/L,1,0028-404,B2-B3,내부,
476,477,5,광나루,E/L,2,0028-405,B2-B3,내부,
477,478,5,광나루,E/L,3,0028-406,F1-B2,외부,
478,479,5,광나루,E/L,4,0093-984,F1-B1,외부,
479,480,5,천호,E/L,1,0066-068,F1-BM1,외부,
480,481,5,천호,E/L,2,0045-888,B1-B3,내부,
481,482,5,천호,E/L,3,0112-626,B2-B3,내부,
482,483,5,천호,E/L,4,0075-646,B2-B3,내부,
483,484,5,강동,E/L,1,0078-217,B3-B4,내부,
484,485,5,강동,E/L,2,0012-496,F1-B3,외부,
485,486,5,길동,E/L,1,0008-835,B2-B3,내부,
486,487,5,길동,E/L,2,0008-836,B2-B3,내부,
487,488,5,길동,E/L,3,0077-502,B1-BM2,내부,
488,489,5,굽은다리,E/L,1,0011-271,B1-B2,내부,
489,490,5,굽은다리,E/L,2,0011-272,B1-B2,내부,
490,491,5,굽은다리,E/L,3,0011-273,F1-B1,외부,
491,492,5,명일,E/L,1,0008-833,B1-B2,내부,
492,493,5,명일,E/L,2,0008-834,B1-B2,내부,
493,494,5,명일,E/L,3,0089-691,F1-B1,외부,
494,495,5,고덕,E/L,1,0012-583,B1-B2,내부,
495,496,5,고덕,E/L,2,0056-958,B1-B2,내부,
496,497,5,고덕,E/L,3,0077-286,F1-B1,외부,
497,498,5,고덕,E/L,4,0056-959,F1-B1,외부,
498,499,5,상일동,E/L,1,0137-763,F1-B2,외부,
499,500,5,상일동,E/L,2,0137-764,F1-B2,외부,
500,501,5,상일동,E/L,3,0148-849,B1-F1,외부,
501,502,5,상일동,E/L,4,0148-785,F1-B2,외부,
502,503,5(연),강일,E/L,1,0140-721,B3-B2,내부,
503,504,5(연),강일,E/L,2,0140-722,B3-B2,내부,
504,505,5(연),강일,E/L,3,0140-723,B3-B1,내부,
505,506,5(연),강일,E/L,4,0140-724,B3-B1,내부,
506,507,5(연),강일,E/L,5,0140-807,B2-1F,외부,
507,508,5(연),강일,E/L,7,0140-808,B2-1F,외부,
508,509,5(연),강일,E/L,8,0140-809,B2-1F,외부,
509,510,5(연),미사,E/L,1,2231-268,B2-B1,내부,
510,511,5(연),미사,E/L,2,2231-269,B2-B1,내부,
511,512,5(연),미사,E/L,3,2231-270,B1-F1,외부,
512,513,5(연),미사,E/L,4,2231-271,B1-F1,외부,
513,514,5(연),하남풍산,E/L,1,2229-180,B2-B1,내부,
514,515,5(연),하남풍산,E/L,2,2229-179,B2-B1,내부,
515,516,5(연),하남풍산,E/L,3,2229-181,B1-F1,외부,
516,517,5(연),하남풍산,E/L,4,2229-182,B1-F1,외부,
517,518,5(연),하남풍산,E/L,5,2229-183,B1-F1,외부,
518,519,5(연),하남시청,E/L,1,2234-916,B3-B2,내부,
519,520,5(연),하남시청,E/L,2,2234-917,B3-B2,내부,
520,521,5(연),하남시청,E/L,3,2234-918,B2-1F,외부,
521,522,5(연),하남시청,E/L,4,2234-919,B2-1F,외부,
522,523,5(연),하남검단산,E/L,1,2231-985,B3-B1,내부,
523,524,5(연),하남검단산,E/L,2,2231-986,B3-B1,내부,
524,525,5(연),하남검단산,E/L,3,2231-987,B1-F1,외부,
525,526,5(연),하남검단산,E/L,4,2231-988,B1-F1,외부,
526,527,5,둔촌동,E/L,1,0011-274,B1-B2,내부,
527,528,5,둔촌동,E/L,2,0011-275,B1-B2,내부,
528,529,5,둔촌동,E/L,3,0008-837,F1-B1,외부,
529,530,5,올림픽공원,E/L,1,0077-287,B2-B3,내부,
530,531,5,올림픽공원,E/L,2,0077-288,B2-B3,내부,
531,532,5,올림픽공원,E/L,4,0087-506,F1-B2,외부,
532,533,5,방이,E/L,1,0087-288,B1-B2,내부,
533,534,5,방이,E/L,2,0087-289,B1-B2,내부,
534,535,5,방이,E/L,3,0087-214,F1-B1,외부,
535,536,5,방이,E/L,4,0088-071,F1-B1,외부,
536,537,5,오금,E/L,1,0011-361,B1-B2,내부,
537,538,5,오금,E/L,2,0011-362,B1-B2,내부,
538,539,5,오금,E/L,3,0078-506,B2-B3,내부,
539,540,5,오금,E/L,4,0078-507,B2-B3,내부,
540,541,5,오금,E/L,5,0078-508,F1-B1,외부,
541,542,5,개롱,E/L,1,0065-940,B1-B2,내부,
542,543,5,개롱,E/L,2,0065-910,B1-B2,내부,
543,544,5,개롱,E/L,3,0078-214,F1-B1,외부,
544,545,5,거여,E/L,1,0089-595,B1-B2,내부,
545,546,5,거여,E/L,2,0011-364,B1-B2,내부,
546,547,5,거여,E/L,3,0078-211,F1-B1,외부,
547,548,5,마천,E/L,1,0009-741,B1-B4,내부,
548,549,6,응암,E/L,1,0040-053,B1-B2,내부,
549,550,6,응암,E/L,2,0073-334,F1-B1,외부,
550,551,6,역촌,E/L,1,0104-827,B1-B4,내부,
551,552,6,역촌,E/L,2,0042-692,F1-B1,외부,
552,553,6,불광,E/L,1,0039-061,B1-B4,내부,
553,554,6,불광,E/L,2,0039-062,B1-B4,내부,
554,555,6,불광,E/L,3,0042-691,F1-B1,외부,
555,556,6,독바위,E/L,1,0040-274,B1-B6,내부,
556,557,6,독바위,E/L,2,0042-697,F1-B1,외부,
557,558,6,연신내,E/L,1,0102-709,B1-B5,내부,
558,559,6,연신내,E/L,2,0102-710,F1-B1,외부,
559,560,6,구산,E/L,1,0040-487,F1-B1,외부,
560,561,6,새절,E/L,1,0042-689,B1-B2,내부,
561,562,6,새절,E/L,2,0042-690,F1-B1,외부,
562,563,6,증산,E/L,1,0042-852,B1-B2,내부,
563,564,6,증산,E/L,2,0042-853,B1-B2,내부,
564,565,6,증산,E/L,3,0042-854,F1-B1,외부,
565,566,6,디지털미디어시티,E/L,1,0102-251,B1-B2,내부,
566,567,6,디지털미디어시티,E/L,2,0102-252,B1-B2,내부,
567,568,6,디지털미디어시티,E/L,3,0102-253,F1-B1,외부,
568,569,6,월드컵경기장,E/L,1,0104-771,B2-B3,내부,
569,570,6,월드컵경기장,E/L,2,0104-772,B2-B3,내부,
570,571,6,월드컵경기장,E/L,3,0104-773,F1-B2,외부,
571,572,6(기타),성산별관,E/L,1,0041-834,F4-B1,외부,
572,573,6,마포구청,E/L,1,0007-233,B2-B3,내부,
573,574,6,마포구청,E/L,2,0007-234,B2-B3,내부,
574,575,6,마포구청,E/L,3,0015-263,F1-B2,외부,
575,576,6,마포구청,E/L,4,0070-790,F1-B2,외부,
576,577,6,망원,E/L,1,0040-055,B1-B2,내부,
577,578,6,망원,E/L,2,0040-054,F1-B2,외부,
578,579,6,합정,E/L,1,0039-041,B1-B4,내부,
579,580,6,합정,E/L,2,0039-042,B3-B4,내부,
580,581,6,합정,E/L,3,0039-043,F1-B1,외부,
581,582,6,합정,E/L,4,0005-870,F1-B1,외부,
582,583,6,합정,E/L,5,0108-823,F1-B1,외부,
583,584,6,상수,E/L,1,0102-308,B2-B3,내부,
584,585,6,상수,E/L,2,0143-822,F1-B1,외부,
585,586,6,상수,E/L,3,0150-002,B2-B1,내부,
586,587,6,광흥창,E/L,1,0039-039,F1-B2,외부,
587,588,6,광흥창,E/L,2,0039-040,B2-B3,내부,
588,589,6,광흥창,E/L,3,0007-065,F1-B1,외부,
589,590,6,대흥,E/L,1,0042-659,B2-B3,내부,
590,591,6,대흥,E/L,2,0104-289,B1-B2,내부,
591,592,6,공덕,E/L,1,0015-040,B1-B2,내부,
592,593,6,공덕,E/L,2,0004-354,B1-B2,내부,
593,594,6,공덕,E/L,3,0004-355,F1-B1,외부,
594,595,6,공덕,E/L,4,0104-290,B2-B3,내부,
595,596,6,공덕,E/L,5,0104-340,B2-B3,내부,
596,597,6,효창공원앞,E/L,1,0042-657,B2-B3,내부,
597,598,6,효창공원앞,E/L,2,0042-658,B1-B2,내부,
598,599,6,삼각지,E/L,1,0041-719,B3-B4,내부,
599,600,6,삼각지,E/L,2,0041-875,B3-B4,내부,
600,601,6,삼각지,E/L,3,0104-720,F1-B3,외부,
601,602,6,삼각지,E/L,4,0041-877,F1-B3,외부,
602,603,6,삼각지,E/L,5,0103-579,B3-B4,내부,
603,604,6,녹사평,E/L,1,0082-691,B4-B5,내부,
604,605,6,녹사평,E/L,2,0082-692,B2-B4,내부,
605,606,6,녹사평,E/L,3,0082-693,F1-B2,외부,
606,607,6,이태원,E/L,1,0103-976,B1-B5,내부,
607,608,6,이태원,E/L,2,0040-056,F1-B1,외부,
608,609,6,한강진,E/L,1,0102-206,B3-B4,내부,
609,610,6,한강진,E/L,2,0102-207,B1-B4,내부,
610,611,6,한강진,E/L,3,0041-868,F1-B1,외부,
611,612,6,버티고개,E/L,1,0102-205,B3-B4,내부,
612,613,6,버티고개,E/L,2,0102-097,B3-B4,내부,
613,614,6,버티고개,E/L,3,0102-203,B2-B3,내부,
614,615,6,버티고개,E/L,4,0102-204,B1-B2,내부,
615,616,6,버티고개,E/L,5,0041-895,F1-B1,외부,
616,617,6,약수,E/L,1,0103-977,B2-B3,내부,
617,618,6,약수,E/L,2,0103-978,B2-B3,내부,
618,619,6,약수,E/L,3,0103-979,B1-B3,내부,
619,620,6,약수,E/L,4,0113-921 ,B1-B2,내부,
620,621,6,청구,E/L,1,0104-443,B3-B4,내부,
621,622,6,청구,E/L,2,0104-444,B1-B3,내부,
622,623,6,청구,E/L,3,0104-445,B1-B3,내부,
623,624,6,청구,E/L,4,0104-446,F1-B1,외부,
624,625,6,청구,E/L,5,0074-257,F1-B1,외부,
625,626,6,신당,E/L,1,0103-494,B1-B3,내부,
626,627,6,신당,E/L,2,0089-055,B1-F1,외부,
627,628,6,동묘앞,E/L,1,0000-962,B2-B3,내부,
628,629,6,동묘앞,E/L,2,0000-963,B2-B3,내부,
629,630,6,창신,E/L,1,0002-280,B1-B4,내부,
630,631,6,창신,E/L,2,0000-959,F1-B1,외부,
631,632,6,창신,E/L,3,0125-798,F1-B1,외부,
632,633,6,보문,E/L,1,0049-838,B2-B3,내부,
633,634,6,안암,E/L,1,0028-813,B2-B3,내부,
634,635,6,안암,E/L,2,0028-814,B2-B3,내부,
635,636,6,안암,E/L,3,0028-815,F1-B2,외부,
636,637,6,고려대,E/L,1,0019-339,B1-B4,내부,
637,638,6,고려대,E/L,2,0053-247,B1-B4,내부,
638,639,6,고려대,E/L,3,0019-340,F1-B1,외부,
639,640,6,고려대,E/L,4,0053-248,F1-B1,외부,
640,641,6,월곡,E/L,1,0044-187,B2-B3,내부,
641,642,6,월곡,E/L,2,0044-188,B2-B3,내부,
642,643,6,월곡,E/L,3,0028-819,F1-B2,외부,
643,644,6,상월곡,E/L,1,0027-999,F1-B2,외부,
644,645,6,돌곶이,E/L,1,0054-295,B1-B2,내부,
645,646,6,돌곶이,E/L,2,0054-296,B1-B2,내부,
646,647,6,돌곶이,E/L,3,0044-225,F1-B1,외부,
647,648,6,석계,E/L,1,0057-328,B2-B3,내부,
648,649,6,석계,E/L,2,0055-103,B2-B3,내부,
649,650,6,석계,E/L,3,0057-329,F1-B2,외부,
650,651,6,석계,E/L,4,0055-102,F1-B2,외부,
651,652,6,태릉입구,E/L,1,0019-107,B1-B2,내부,
652,653,6,태릉입구,E/L,2,0015-897,B1-B2,내부,
653,654,6,태릉입구,E/L,3,0015-898,F1-B1,외부,
654,655,6,태릉입구,E/L,4,0113-359,F1-B1,외부,
655,656,6,화랑대,E/L,1,0057-151,B1-B2,내부,
656,657,6,화랑대,E/L,2,0057-152,B1-B2,내부,
657,658,6,화랑대,E/L,3,0057-153,F1-B1,외부,
658,659,6,화랑대,E/L,4,0094-425,F1-B1,외부,
659,660,6,봉화산,E/L,1,0054-819,F1-B1,외부,
660,661,6,봉화산,E/L,2,0094-606,F1-B1,외부,
661,662,6,신내,E/L,1,0136-697,F1-F2,내부,
662,663,7,장암,E/L,1,2064-681,F2-F1,외부,
663,664,7,장암,E/L,2,2064-682,F2-F1,외부,
664,665,7,도봉산,E/L,1,0053-189,F2-F1,외부,
665,666,7,도봉산,E/L,2,0053-190,F2-F1,외부,
666,667,7,도봉산,E/L,3,0085-381,F2-F1,내부,
667,668,7,도봉산,E/L,4,0085-291,F2-F1,내부,
668,669,7,도봉산,E/L,5,0135-003,B1-F1,외부,
669,670,7,수락산,E/L,1,0053-324,F1-B2,외부,
670,671,7,마들,E/L,1,0017-182,B1-B3,내부,
671,672,7,마들,E/L,2,0053-180,F1-B1,외부,
672,673,7,마들,E/L,3,0085-028,F1-B1,외부,
673,674,7,마들,E/L,4,0085-029,F1-B1,외부,
674,675,7,노원,E/L,1,0086-703,B1-B3,내부,
675,676,7,노원,E/L,2,0018-585,F1-B1,외부,
676,677,7,노원,E/L,3,0094-686,F1-B1,외부,
677,678,7,중계,E/L,1,0015-704,B2-B3,내부,
678,679,7,중계,E/L,2,0019-485,F1-B2,외부,
679,680,7,중계,E/L,3,0015-997,F1-B2,외부,
680,681,7,하계,E/L,2,0017-579,B1-B3,내부,
681,682,7,하계,E/L,3,0056-263,F1-B1,외부,
682,683,7,하계,E/L,4,0085-031,F1-B1,외부,
683,684,7,공릉,E/L,1,0015-705,B2-B4,내부,
684,685,7,공릉,E/L,2,0015-706,B1-B4,내부,
685,686,7,공릉,E/L,3,0015-998,F1-B1,외부,
686,687,7,태릉입구,E/L,1,0017-918,B1-B4,내부,
687,688,7,태릉입구,E/L,2,0053-181,F1-B4,외부,
688,689,7,먹골,E/L,1,0017-580,B2-B3,내부,
689,690,7,먹골,E/L,2,0017-581,B2-B3,내부,
690,691,7,먹골,E/L,3,0018-261,F1-B1-B2,외부,
691,692,7,중화,E/L,1,0018-259,B1-B2-B3,내부,
692,693,7,중화,E/L,2,0018-260,B2-B3,내부,
693,694,7,중화,E/L,3,0056-268,F1-B1,외부,
694,695,7,상봉,E/L,1,0019-106,B1-B3,내부,
695,696,7,상봉,E/L,2,0019-351,B1-B3,내부,
696,697,7,상봉,E/L,3,0016-030,B2-B3,내부,
697,698,7,상봉,E/L,4,0016-029,B2-B3,내부,
698,699,7,상봉,E/L,5,0019-486,F1-B1,외부,
699,700,7,면목,E/L,1,0017-577,B1-B3-B4,내부,
700,701,7,면목,E/L,2,0017-578,B3-B4,내부,
701,702,7,면목,E/L,3,0018-586,F1-B1,외부,
702,703,7,사가정,E/L,1,0017-575,B3-B4,내부,
703,704,7,사가정,E/L,2,0017-576,B1-B3-B4,내부,
704,705,7,사가정,E/L,3,0052-631,F1-B1,외부,
705,706,7,용마산,E/L,1,0017-574,B3-B4,내부,
706,707,7,용마산,E/L,2,0017-573,B1-B4,내부,
707,708,7,용마산,E/L,3,0018-587,F2-B1,외부,
708,709,7,중곡,E/L,1,0005-633,B2-B3,내부,
709,710,7,중곡,E/L,2,0005-634,B2-B3,내부,
710,711,7,중곡,E/L,3,0003-912,F1-B2,외부,
711,712,7,군자,E/L,1,0094-111,F1-B1,외부,
712,713,7,어린이대공원,E/L,1,0007-435,B1-B3,내부,
713,714,7,어린이대공원,E/L,2,0082-420,B1-B3,내부,
714,715,7,어린이대공원,E/L,3,0007-437,F1-B1,외부,
715,716,7,어린이대공원,E/L,4,0051-898,F1-B1,외부,
716,717,7,건대입구,E/L,1,0132-928,B2-B3,내부,
717,718,7,건대입구,E/L,2,0132-929,B2-B3,내부,
718,719,7,뚝섬유원지,E/L,1,0082-441,F2-F1,외부,
719,720,7,뚝섬유원지,E/L,2,0082-442,F3-F2,내부,
720,721,7,뚝섬유원지,E/L,3,0082-443,F3-F2,내부,
721,722,7,청담,E/L,1,0056-819,F1-B3,외부,
722,723,7,청담,E/L,2,0045-844,F1-B3,외부,
723,724,7,강남구청,E/L,1,0011-097,B2-B3,내부,
724,725,7,강남구청,E/L,2,0011-098,B2-B3,내부,
725,726,7,학동,E/L,1,0065-989,B2-B3,내부,
726,727,7,학동,E/L,2,0065-990,B2-B3,내부,
727,728,7,학동,E/L,3,0078-212,F1-B2,외부,
728,729,7,논현,E/L,1,0057-897,B2-B3,내부,
729,730,7,논현,E/L,2,0057-898,B2-B3,내부,
730,731,7,논현,E/L,3,0012-777,F1-B2,외부,
731,732,7,반포,E/L,1,0078-301,B2-B3,내부,
732,733,7,반포,E/L,2,0078-302,B2-B3,내부,
733,734,7,반포,E/L,3,0012-778,F1-B2,외부,
734,735,7,반포,E/L,4,0077-428,F1-B2,외부,
735,736,7,고속터미널,E/L,1,0009-821,B2-B3,내부,
736,737,7,고속터미널,E/L,2,0009-822,B2-B3,내부,
737,738,7,내방,E/L,1,0077-425,B2-B3,내부,
738,739,7,내방,E/L,2,0077-426,B2-B3,내부,
739,740,7,내방,E/L,3,0077-427,B1-B2,내부,
740,741,7,내방,E/L,4,0012-779,F1-B1,외부,
741,742,7,내방,E/L,5,0087-708,F1-B1,외부,
742,743,7,이수,E/L,1,0063-029,B3-B4,내부,
743,744,7,이수,E/L,2,0063-030,B3-B4,내부,
744,745,7,이수,E/L,3,0063-031,F1-B3,외부,
745,746,7,남성,E/L,1,0091-212,B2-B3,내부,
746,747,7,남성,E/L,2,0091-213,B2-B3,내부,
747,748,7,남성,E/L,3,0091-214,F1-B2,외부,
748,749,7,숭실대입구,E/L,1,0060-933,B2-B6,내부,
749,750,7,숭실대입구,E/L,2,0060-934,B2-B6,내부,
750,751,7,숭실대입구,E/L,3,0060-935,F1-B2,외부,
751,752,7,숭실대입구,E/L,4,0123-429,F1-B3,외부,
752,753,7,상도,E/L,1,0021-574,B2-B3,내부,
753,754,7,상도,E/L,2,0021-575,B2-B3,내부,
754,755,7,상도,E/L,3,0021-576,F1-B2,외부,
755,756,7,장승배기,E/L,1,0022-769,B2-B3,내부,
756,757,7,장승배기,E/L,2,0022-770,B2-B3,내부,
757,758,7,장승배기,E/L,3,0022-771,F1-B2,외부,
758,759,7,신대방삼거리,E/L,1,0022-772,B2-B3,내부,
759,760,7,신대방삼거리,E/L,2,0022-773,B2-B3,내부,
760,761,7,신대방삼거리,E/L,3,0022-522,B1-B2,내부,
761,762,7,신대방삼거리,E/L,4,0022-774,F1-B1,외부,
762,763,7,보라매,E/L,1,0021-025,B1-B2,내부,
763,764,7,보라매,E/L,2,0021-026,F1-B1,외부,
764,765,7,신풍,E/L,1,0021-850,B1-B2,내부,
765,766,7,신풍,E/L,2,0021-851,B1-B2,내부,
766,767,7,신풍,E/L,3,0021-852,F1-B1,외부,
767,768,7,신풍,E/L,4,0097-451,F1-B1,외부,
768,769,7,대림,E/L,1,0020-631,B1-B2,내부,
769,770,7,대림,E/L,2,0020-632,B1-B2,내부,
770,771,7,대림,E/L,3,0020-633,F1-B1,외부,
771,772,7,가산디지털단지,E/L,1,0021-021,B2-B3-B4,내부,
772,773,7,가산디지털단지,E/L,2,0021-022,B2-B3-B4,내부,
773,774,7,가산디지털단지,E/L,3,0021-023,B1-B2,내부,
774,775,7,가산디지털단지,E/L,4,0021-024,F1-B1,외부,
775,776,7,철산,E/L,1,2026-968,B1-B2,내부,
776,777,7,철산,E/L,2,2026-969,B1-B2,내부,
777,778,7,철산,E/L,3,2026-970,F1-B1,외부,
778,779,7,철산,E/L,4,2162-470,F1-B1,외부,
779,780,7,광명사거리,E/L,1,2026-444,B2-B3,내부,
780,781,7,광명사거리,E/L,2,2117-998,F1-B2,외부,
781,782,7,천왕,E/L,1,0021-226,B1-B2,내부,
782,783,7,천왕,E/L,2,0021-227,B1-B2,내부,
783,784,7,천왕,E/L,3,0025-776,F1-B1,외부,
784,785,7,온수,E/L,1,0021-618,B1-B2,내부,
785,786,7,온수,E/L,2,0021-619,B1-B2,내부,
786,787,7,온수,E/L,3,0021-620,F1-B1,외부,
787,788,7,천왕,E/L,4,0122-484,F1-B1,외부,
788,789,7(기타),천왕기지,E/L,1,0058-636,F5-B1,외부,
789,790,7(연),까치울,E/L,1,2060-279,B1-B2,내부,
790,791,7(연),까치울,E/L,2,2060-280,F1-B1,외부,
791,792,7(연),부천종합운동장,E/L,1,2092-517,B1-B2,내부,
792,793,7(연),부천종합운동장,E/L,2,2092-518,F1-B1,외부,
793,794,7(연),부천종합운동장,E/L,3,2092-519,F1-B1,외부,
794,795,7(연),부천종합운동장,E/L,4,2092-520,F2-BM1,외부,
795,796,7(연),춘의,E/L,1,2061-661,B1-B2,내부,
796,797,7(연),춘의,E/L,2,2061-662,F1-B1,외부,
797,798,7(연),춘의,E/L,3,2061-663,F1-B1,외부,
798,799,7(연),신중동,E/L,1,2078-781,B1-B2,내부,
799,800,7(연),신중동,E/L,2,2078-782,F1-B1,외부,
800,801,7(연),신중동,E/L,3,2078-783,F1-B1,외부,
801,802,7(연),신중동,E/L,4,2061-660,F1-B1,외부,
802,803,7(연),부천시청,E/L,1,2058-149,B1-B2,내부,
803,804,7(연),부천시청,E/L,2,2058-150,F1-B1,외부,
804,805,7(연),부천시청,E/L,3,2058-151,F1-B1,외부,
805,806,7(연),상동,E/L,1,2058-152,B1-B2,내부,
806,807,7(연),상동,E/L,2,2058-153,B1-B2,내부,
807,808,7(연),상동,E/L,3,2058-154,F1-B1,외부,
808,809,7(연),상동,E/L,4,2058-155,F1-B1,외부,
809,810,7(연),삼산체육관,E/L,1,2092-874,B1-B2,내부,
810,811,7(연),삼산체육관,E/L,2,2092-871,B1-B2,내부,
811,812,7(연),삼산체육관,E/L,3,2092-873,F1-B1,외부,
812,813,7(연),삼산체육관,E/L,4,2092-872,F1-B1,외부,
813,814,7(연),굴포천,E/L,1,2092-823,B1-B2,내부,
814,815,7(연),굴포천,E/L,2,2092-824,B1-B2,내부,
815,816,7(연),굴포천,E/L,3,2092-822,F1-B1,외부,
816,817,7(연),굴포천,E/L,4,2092-825,F1-B1,외부,
817,818,7(연),부평구청,E/L,1,2120-901,B1-B3,내부,
818,819,7(연),부평구청,E/L,2,2120-902,B1-B3,내부,
819,820,7(연),부평구청,E/L,3,2120-903,B2-B3,내부,
820,821,7(연),부평구청,E/L,4,2120-904,B2-B3,내부,
821,822,7(연),부평구청,E/L,5,2120-905,B2-B2,내부,
822,823,7(연),부평구청,E/L,6,2120-906,B2-B2,내부,
823,824,7(연),부평구청,E/L,7,2120-907,F1-B1,외부,
824,825,7(연),부평구청,E/L,8,2120-908,F1-B1,외부,
825,826,7(연),부평구청,E/L,9,2120-909,"F1-B4
(관리동)",외부,
826,827,8,암사,E/L,1,0066-066,B1-B2,내부,
827,828,8,암사,E/L,2,0066-067,B1-B2,내부,
828,829,8,암사,E/L,3,0079-858,F1-B1,외부,
829,830,8,천호,E/L,1,0077-988,B1-B2,내부,
830,831,8,천호,E/L,2,0077-989,B1-B2,내부,
831,832,8,강동구청,E/L,1,0077-745,B2-B3,내부,
832,833,8,강동구청,E/L,2,0077-746,B2-B3,내부,
833,834,8,강동구청,E/L,3,0009-742,F1-B2,외부,
834,835,8,몽촌토성,E/L,1,0011-276,B2-B3,내부,
835,836,8,몽촌토성,E/L,2,0011-277,B2-B3,내부,
836,837,8,몽촌토성,E/L,3,0011-278,B1-B2,내부,
837,838,8,몽촌토성,E/L,4,0075-711,F1-B1,외부,
838,839,8,잠실,E/L,1,0087-497,B1-B3,내부,
839,840,8,잠실,E/L,2,0087-498,B1-B3,내부,
840,841,8,잠실,E/L,3,0087-499,F1-B1,외부,
841,842,8,잠실,E/L,4,0089-900,B2-F1,외부,
842,843,8,석촌,E/L,1,0075-712,B1-B2,내부,
843,844,8,석촌,E/L,2,0075-713,B1-B2,내부,
844,845,8,석촌,E/L,3,0045-887,F1-B1,외부,
845,846,8,송파,E/L,1,0087-791,B1-B2,내부,
846,847,8,송파,E/L,2,0087-792,B1-B2,내부,
847,848,8,송파,E/L,3,0046-881,F1-B1,외부,
848,849,8,가락시장,E/L,1,0078-551,B1-B2,내부,
849,850,8,가락시장,E/L,2,0078-553,B1-B2,내부,
850,851,8,가락시장,E/L,3,0078-555,B2-B3,내부,
851,852,8,가락시장,E/L,4,0078-554,B2-B3,내부,
852,853,8,가락시장,E/L,5,0075-714,F1-B2,외부,
853,854,8,가락시장,E/L,6,0078-552,F1-B1,외부,
854,855,8,문정,E/L,1,0077-747,B1-B2,내부,
855,856,8,문정,E/L,2,0077-748,B1-B2,내부,
856,857,8,문정,E/L,3,0009-743,F1-B1,외부,
857,858,8,장지,E/L,1,0077-861,B1-B2,내부,
858,859,8,장지,E/L,2,0077-862,B1-B2,내부,
859,860,8,장지,E/L,3,0009-744,F1-B1,외부,
860,861,8,장지,E/L,4,0077-876,F1-B1,외부,
861,862,8,복정,E/L,1,0011-754,B1-B3,내부,
862,863,8,남위례,E/L,1,,,,
863,864,8,남위례,E/L,2,,,,
864,865,8,남위례,E/L,3,,,,
865,866,8,산성,E/L,1,2024-722,B2-B3,내부,
866,867,8,산성,E/L,2,2024-723,B2-B3,내부,
867,868,8,산성,E/L,3,2024-721,B1-B2,내부,
868,869,8,산성,E/L,4,2075-288,F1-B1,외부,
869,870,8,남한산성입구,E/L,1,2022-967,B2-B3,내부,
870,871,8,남한산성입구,E/L,2,2231-773,F1-B3,외부,
871,872,8,단대오거리,E/L,1,2116-586,B1-B3,내부,
872,873,8,단대오거리,E/L,2,2116-587,B1-B3,내부,
873,874,8,단대오거리,E/L,3,2116-588,F1-B1,외부,
874,875,8,신흥,E/L,1,2022-969,B1-B2,내부,
875,876,8,신흥,E/L,2,2022-970,B1-B2,내부,
876,877,8,수진,E/L,1,2116-589,B1-B2,내부,
877,878,8,수진,E/L,2,2116-590,B1-B2,내부,
878,879,8,수진,E/L,3,2212-625,B1-F1,외부,
879,880,8,모란,E/L,1,2116-583,B1-B3,내부,
880,881,8,모란,E/L,2,2116-584,B2-B3,내부,
881,882,8,모란,E/L,3,2116-585,F1-B1,외부,
